case_name,case_dir,input_points_path,sample_points_path,shift_path,scale_path,num_generated_implants,runtime_sec,gpu_peak_memory_mb
bilateral003_surf,/mnt/data/home/mamuke588/pcdiff-implant/benchmarking/runs/stage1_ablation/SkullBreak/ddim-steps50-ens5/stage1/syn/bilateral003_surf,/mnt/data/home/mamuke588/pcdiff-implant/benchmarking/runs/stage1_ablation/SkullBreak/ddim-steps50-ens5/stage1/syn/bilateral003_surf/input.npy,/mnt/data/home/mamuke588/pcdiff-implant/benchmarking/runs/stage1_ablation/SkullBreak/ddim-steps50-ens5/stage1/syn/bilateral003_surf/sample.npy,/mnt/data/home/mamuke588/pcdiff-implant/benchmarking/runs/stage1_ablation/SkullBreak/ddim-steps50-ens5/stage1/syn/bilateral003_surf/shift.npy,/mnt/data/home/mamuke588/pcdiff-implant/benchmarking/runs/stage1_ablation/SkullBreak/ddim-steps50-ens5/stage1/syn/bilateral003_surf/scale.npy,5,37.0346,7754.15
bilateral004_surf,/mnt/data/home/mamuke588/pcdiff-implant/benchmarking/runs/stage1_ablation/SkullBreak/ddim-steps50-ens5/stage1/syn/bilateral004_surf,/mnt/data/home/mamuke588/pcdiff-implant/benchmarking/runs/stage1_ablation/SkullBreak/ddim-steps50-ens5/stage1/syn/bilateral004_surf/input.npy,/mnt/data/home/mamuke588/pcdiff-implant/benchmarking/runs/stage1_ablation/SkullBreak/ddim-steps50-ens5/stage1/syn/bilateral004_surf/sample.npy,/mnt/data/home/mamuke588/pcdiff-implant/benchmarking/runs/stage1_ablation/SkullBreak/ddim-steps50-ens5/stage1/syn/bilateral004_surf/shift.npy,/mnt/data/home/mamuke588/pcdiff-implant/benchmarking/runs/stage1_ablation/SkullBreak/ddim-steps50-ens5/stage1/syn/bilateral004_surf/scale.npy,5,36.9464,7754.15
bilateral011_surf,/mnt/data/home/mamuke588/pcdiff-implant/benchmarking/runs/stage1_ablation/SkullBreak/ddim-steps50-ens5/stage1/syn/bilateral011_surf,/mnt/data/home/mamuke588/pcdiff-implant/benchmarking/runs/stage1_ablation/SkullBreak/ddim-steps50-ens5/stage1/syn/bilateral011_surf/input.npy,/mnt/data/home/mamuke588/pcdiff-implant/benchmarking/runs/stage1_ablation/SkullBreak/ddim-steps50-ens5/stage1/syn/bilateral011_surf/sample.npy,/mnt/data/home/mamuke588/pcdiff-implant/benchmarking/runs/stage1_ablation/SkullBreak/ddim-steps50-ens5/stage1/syn/bilateral011_surf/shift.npy,/mnt/data/home/mamuke588/pcdiff-implant/benchmarking/runs/stage1_ablation/SkullBreak/ddim-steps50-ens5/stage1/syn/bilateral011_surf/scale.npy,5,36.9157,7754.15
bilateral013_surf,/mnt/data/home/mamuke588/pcdiff-implant/benchmarking/runs/stage1_ablation/SkullBreak/ddim-steps50-ens5/stage1/syn/bilateral013_surf,/mnt/data/home/mamuke588/pcdiff-implant/benchmarking/runs/stage1_ablation/SkullBreak/ddim-steps50-ens5/stage1/syn/bilateral013_surf/input.npy,/mnt/data/home/mamuke588/pcdiff-implant/benchmarking/runs/stage1_ablation/SkullBreak/ddim-steps50-ens5/stage1/syn/bilateral013_surf/sample.npy,/mnt/data/home/mamuke588/pcdiff-implant/benchmarking/runs/stage1_ablation/SkullBreak/ddim-steps50-ens5/stage1/syn/bilateral013_surf/shift.npy,/mnt/data/home/mamuke588/pcdiff-implant/benchmarking/runs/stage1_ablation/SkullBreak/ddim-steps50-ens5/stage1/syn/bilateral013_surf/scale.npy,5,36.9027,7754.15
bilateral014_surf,/mnt/data/home/mamuke588/pcdiff-implant/benchmarking/runs/stage1_ablation/SkullBreak/ddim-steps50-ens5/stage1/syn/bilateral014_surf,/mnt/data/home/mamuke588/pcdiff-implant/benchmarking/runs/stage1_ablation/SkullBreak/ddim-steps50-ens5/stage1/syn/bilateral014_surf/input.npy,/mnt/data/home/mamuke588/pcdiff-implant/benchmarking/runs/stage1_ablation/SkullBreak/ddim-steps50-ens5/stage1/syn/bilateral014_surf/sample.npy,/mnt/data/home/mamuke588/pcdiff-implant/benchmarking/runs/stage1_ablation/SkullBreak/ddim-steps50-ens5/stage1/syn/bilateral014_surf/shift.npy,/mnt/data/home/mamuke588/pcdiff-implant/benchmarking/runs/stage1_ablation/SkullBreak/ddim-steps50-ens5/stage1/syn/bilateral014_surf/scale.npy,5,37.0018,7754.15
bilateral017_surf,/mnt/data/home/mamuke588/pcdiff-implant/benchmarking/runs/stage1_ablation/SkullBreak/ddim-steps50-ens5/stage1/syn/bilateral017_surf,/mnt/data/home/mamuke588/pcdiff-implant/benchmarking/runs/stage1_ablation/SkullBreak/ddim-steps50-ens5/stage1/syn/bilateral017_surf/input.npy,/mnt/data/home/mamuke588/pcdiff-implant/benchmarking/runs/stage1_ablation/SkullBreak/ddim-steps50-ens5/stage1/syn/bilateral017_surf/sample.npy,/mnt/data/home/mamuke588/pcdiff-implant/benchmarking/runs/stage1_ablation/SkullBreak/ddim-steps50-ens5/stage1/syn/bilateral017_surf/shift.npy,/mnt/data/home/mamuke588/pcdiff-implant/benchmarking/runs/stage1_ablation/SkullBreak/ddim-steps50-ens5/stage1/syn/bilateral017_surf/scale.npy,5,36.9441,7754.15
bilateral027_surf,/mnt/data/home/mamuke588/pcdiff-implant/benchmarking/runs/stage1_ablation/SkullBreak/ddim-steps50-ens5/stage1/syn/bilateral027_surf,/mnt/data/home/mamuke588/pcdiff-implant/benchmarking/runs/stage1_ablation/SkullBreak/ddim-steps50-ens5/stage1/syn/bilateral027_surf/input.npy,/mnt/data/home/mamuke588/pcdiff-implant/benchmarking/runs/stage1_ablation/SkullBreak/ddim-steps50-ens5/stage1/syn/bilateral027_surf/sample.npy,/mnt/data/home/mamuke588/pcdiff-implant/benchmarking/runs/stage1_ablation/SkullBreak/ddim-steps50-ens5/stage1/syn/bilateral027_surf/shift.npy,/mnt/data/home/mamuke588/pcdiff-implant/benchmarking/runs/stage1_ablation/SkullBreak/ddim-steps50-ens5/stage1/syn/bilateral027_surf/scale.npy,5,0.0,
bilateral028_surf,/mnt/data/home/mamuke588/pcdiff-implant/benchmarking/runs/stage1_ablation/SkullBreak/ddim-steps50-ens5/stage1/syn/bilateral028_surf,/mnt/data/home/mamuke588/pcdiff-implant/benchmarking/runs/stage1_ablation/SkullBreak/ddim-steps50-ens5/stage1/syn/bilateral028_surf/input.npy,/mnt/data/home/mamuke588/pcdiff-implant/benchmarking/runs/stage1_ablation/SkullBreak/ddim-steps50-ens5/stage1/syn/bilateral028_surf/sample.npy,/mnt/data/home/mamuke588/pcdiff-implant/benchmarking/runs/stage1_ablation/SkullBreak/ddim-steps50-ens5/stage1/syn/bilateral028_surf/shift.npy,/mnt/data/home/mamuke588/pcdiff-implant/benchmarking/runs/stage1_ablation/SkullBreak/ddim-steps50-ens5/stage1/syn/bilateral028_surf/scale.npy,5,36.9717,7754.15
bilateral029_surf,/mnt/data/home/mamuke588/pcdiff-implant/benchmarking/runs/stage1_ablation/SkullBreak/ddim-steps50-ens5/stage1/syn/bilateral029_surf,/mnt/data/home/mamuke588/pcdiff-implant/benchmarking/runs/stage1_ablation/SkullBreak/ddim-steps50-ens5/stage1/syn/bilateral029_surf/input.npy,/mnt/data/home/mamuke588/pcdiff-implant/benchmarking/runs/stage1_ablation/SkullBreak/ddim-steps50-ens5/stage1/syn/bilateral029_surf/sample.npy,/mnt/data/home/mamuke588/pcdiff-implant/benchmarking/runs/stage1_ablation/SkullBreak/ddim-steps50-ens5/stage1/syn/bilateral029_surf/shift.npy,/mnt/data/home/mamuke588/pcdiff-implant/benchmarking/runs/stage1_ablation/SkullBreak/ddim-steps50-ens5/stage1/syn/bilateral029_surf/scale.npy,5,0.0,
bilateral031_surf,/mnt/data/home/mamuke588/pcdiff-implant/benchmarking/runs/stage1_ablation/SkullBreak/ddim-steps50-ens5/stage1/syn/bilateral031_surf,/mnt/data/home/mamuke588/pcdiff-implant/benchmarking/runs/stage1_ablation/SkullBreak/ddim-steps50-ens5/stage1/syn/bilateral031_surf/input.npy,/mnt/data/home/mamuke588/pcdiff-implant/benchmarking/runs/stage1_ablation/SkullBreak/ddim-steps50-ens5/stage1/syn/bilateral031_surf/sample.npy,/mnt/data/home/mamuke588/pcdiff-implant/benchmarking/runs/stage1_ablation/SkullBreak/ddim-steps50-ens5/stage1/syn/bilateral031_surf/shift.npy,/mnt/data/home/mamuke588/pcdiff-implant/benchmarking/runs/stage1_ablation/SkullBreak/ddim-steps50-ens5/stage1/syn/bilateral031_surf/scale.npy,5,37.001,7754.15
bilateral035_surf,/mnt/data/home/mamuke588/pcdiff-implant/benchmarking/runs/stage1_ablation/SkullBreak/ddim-steps50-ens5/stage1/syn/bilateral035_surf,/mnt/data/home/mamuke588/pcdiff-implant/benchmarking/runs/stage1_ablation/SkullBreak/ddim-steps50-ens5/stage1/syn/bilateral035_surf/input.npy,/mnt/data/home/mamuke588/pcdiff-implant/benchmarking/runs/stage1_ablation/SkullBreak/ddim-steps50-ens5/stage1/syn/bilateral035_surf/sample.npy,/mnt/data/home/mamuke588/pcdiff-implant/benchmarking/runs/stage1_ablation/SkullBreak/ddim-steps50-ens5/stage1/syn/bilateral035_surf/shift.npy,/mnt/data/home/mamuke588/pcdiff-implant/benchmarking/runs/stage1_ablation/SkullBreak/ddim-steps50-ens5/stage1/syn/bilateral035_surf/scale.npy,5,37.1052,7754.15
bilateral054_surf,/mnt/data/home/mamuke588/pcdiff-implant/benchmarking/runs/stage1_ablation/SkullBreak/ddim-steps50-ens5/stage1/syn/bilateral054_surf,/mnt/data/home/mamuke588/pcdiff-implant/benchmarking/runs/stage1_ablation/SkullBreak/ddim-steps50-ens5/stage1/syn/bilateral054_surf/input.npy,/mnt/data/home/mamuke588/pcdiff-implant/benchmarking/runs/stage1_ablation/SkullBreak/ddim-steps50-ens5/stage1/syn/bilateral054_surf/sample.npy,/mnt/data/home/mamuke588/pcdiff-implant/benchmarking/runs/stage1_ablation/SkullBreak/ddim-steps50-ens5/stage1/syn/bilateral054_surf/shift.npy,/mnt/data/home/mamuke588/pcdiff-implant/benchmarking/runs/stage1_ablation/SkullBreak/ddim-steps50-ens5/stage1/syn/bilateral054_surf/scale.npy,5,37.0066,7754.15
bilateral064_surf,/mnt/data/home/mamuke588/pcdiff-implant/benchmarking/runs/stage1_ablation/SkullBreak/ddim-steps50-ens5/stage1/syn/bilateral064_surf,/mnt/data/home/mamuke588/pcdiff-implant/benchmarking/runs/stage1_ablation/SkullBreak/ddim-steps50-ens5/stage1/syn/bilateral064_surf/input.npy,/mnt/data/home/mamuke588/pcdiff-implant/benchmarking/runs/stage1_ablation/SkullBreak/ddim-steps50-ens5/stage1/syn/bilateral064_surf/sample.npy,/mnt/data/home/mamuke588/pcdiff-implant/benchmarking/runs/stage1_ablation/SkullBreak/ddim-steps50-ens5/stage1/syn/bilateral064_surf/shift.npy,/mnt/data/home/mamuke588/pcdiff-implant/benchmarking/runs/stage1_ablation/SkullBreak/ddim-steps50-ens5/stage1/syn/bilateral064_surf/scale.npy,5,0.0,
bilateral069_surf,/mnt/data/home/mamuke588/pcdiff-implant/benchmarking/runs/stage1_ablation/SkullBreak/ddim-steps50-ens5/stage1/syn/bilateral069_surf,/mnt/data/home/mamuke588/pcdiff-implant/benchmarking/runs/stage1_ablation/SkullBreak/ddim-steps50-ens5/stage1/syn/bilateral069_surf/input.npy,/mnt/data/home/mamuke588/pcdiff-implant/benchmarking/runs/stage1_ablation/SkullBreak/ddim-steps50-ens5/stage1/syn/bilateral069_surf/sample.npy,/mnt/data/home/mamuke588/pcdiff-implant/benchmarking/runs/stage1_ablation/SkullBreak/ddim-steps50-ens5/stage1/syn/bilateral069_surf/shift.npy,/mnt/data/home/mamuke588/pcdiff-implant/benchmarking/runs/stage1_ablation/SkullBreak/ddim-steps50-ens5/stage1/syn/bilateral069_surf/scale.npy,5,36.9211,7754.15
bilateral075_surf,/mnt/data/home/mamuke588/pcdiff-implant/benchmarking/runs/stage1_ablation/SkullBreak/ddim-steps50-ens5/stage1/syn/bilateral075_surf,/mnt/data/home/mamuke588/pcdiff-implant/benchmarking/runs/stage1_ablation/SkullBreak/ddim-steps50-ens5/stage1/syn/bilateral075_surf/input.npy,/mnt/data/home/mamuke588/pcdiff-implant/benchmarking/runs/stage1_ablation/SkullBreak/ddim-steps50-ens5/stage1/syn/bilateral075_surf/sample.npy,/mnt/data/home/mamuke588/pcdiff-implant/benchmarking/runs/stage1_ablation/SkullBreak/ddim-steps50-ens5/stage1/syn/bilateral075_surf/shift.npy,/mnt/data/home/mamuke588/pcdiff-implant/benchmarking/runs/stage1_ablation/SkullBreak/ddim-steps50-ens5/stage1/syn/bilateral075_surf/scale.npy,5,36.961,7754.15
bilateral077_surf,/mnt/data/home/mamuke588/pcdiff-implant/benchmarking/runs/stage1_ablation/SkullBreak/ddim-steps50-ens5/stage1/syn/bilateral077_surf,/mnt/data/home/mamuke588/pcdiff-implant/benchmarking/runs/stage1_ablation/SkullBreak/ddim-steps50-ens5/stage1/syn/bilateral077_surf/input.npy,/mnt/data/home/mamuke588/pcdiff-implant/benchmarking/runs/stage1_ablation/SkullBreak/ddim-steps50-ens5/stage1/syn/bilateral077_surf/sample.npy,/mnt/data/home/mamuke588/pcdiff-implant/benchmarking/runs/stage1_ablation/SkullBreak/ddim-steps50-ens5/stage1/syn/bilateral077_surf/shift.npy,/mnt/data/home/mamuke588/pcdiff-implant/benchmarking/runs/stage1_ablation/SkullBreak/ddim-steps50-ens5/stage1/syn/bilateral077_surf/scale.npy,5,0.0,
bilateral081_surf,/mnt/data/home/mamuke588/pcdiff-implant/benchmarking/runs/stage1_ablation/SkullBreak/ddim-steps50-ens5/stage1/syn/bilateral081_surf,/mnt/data/home/mamuke588/pcdiff-implant/benchmarking/runs/stage1_ablation/SkullBreak/ddim-steps50-ens5/stage1/syn/bilateral081_surf/input.npy,/mnt/data/home/mamuke588/pcdiff-implant/benchmarking/runs/stage1_ablation/SkullBreak/ddim-steps50-ens5/stage1/syn/bilateral081_surf/sample.npy,/mnt/data/home/mamuke588/pcdiff-implant/benchmarking/runs/stage1_ablation/SkullBreak/ddim-steps50-ens5/stage1/syn/bilateral081_surf/shift.npy,/mnt/data/home/mamuke588/pcdiff-implant/benchmarking/runs/stage1_ablation/SkullBreak/ddim-steps50-ens5/stage1/syn/bilateral081_surf/scale.npy,5,37.0321,7754.15
bilateral086_surf,/mnt/data/home/mamuke588/pcdiff-implant/benchmarking/runs/stage1_ablation/SkullBreak/ddim-steps50-ens5/stage1/syn/bilateral086_surf,/mnt/data/home/mamuke588/pcdiff-implant/benchmarking/runs/stage1_ablation/SkullBreak/ddim-steps50-ens5/stage1/syn/bilateral086_surf/input.npy,/mnt/data/home/mamuke588/pcdiff-implant/benchmarking/runs/stage1_ablation/SkullBreak/ddim-steps50-ens5/stage1/syn/bilateral086_surf/sample.npy,/mnt/data/home/mamuke588/pcdiff-implant/benchmarking/runs/stage1_ablation/SkullBreak/ddim-steps50-ens5/stage1/syn/bilateral086_surf/shift.npy,/mnt/data/home/mamuke588/pcdiff-implant/benchmarking/runs/stage1_ablation/SkullBreak/ddim-steps50-ens5/stage1/syn/bilateral086_surf/scale.npy,5,36.9582,7754.15
bilateral094_surf,/mnt/data/home/mamuke588/pcdiff-implant/benchmarking/runs/stage1_ablation/SkullBreak/ddim-steps50-ens5/stage1/syn/bilateral094_surf,/mnt/data/home/mamuke588/pcdiff-implant/benchmarking/runs/stage1_ablation/SkullBreak/ddim-steps50-ens5/stage1/syn/bilateral094_surf/input.npy,/mnt/data/home/mamuke588/pcdiff-implant/benchmarking/runs/stage1_ablation/SkullBreak/ddim-steps50-ens5/stage1/syn/bilateral094_surf/sample.npy,/mnt/data/home/mamuke588/pcdiff-implant/benchmarking/runs/stage1_ablation/SkullBreak/ddim-steps50-ens5/stage1/syn/bilateral094_surf/shift.npy,/mnt/data/home/mamuke588/pcdiff-implant/benchmarking/runs/stage1_ablation/SkullBreak/ddim-steps50-ens5/stage1/syn/bilateral094_surf/scale.npy,5,36.9968,7754.15
bilateral100_surf,/mnt/data/home/mamuke588/pcdiff-implant/benchmarking/runs/stage1_ablation/SkullBreak/ddim-steps50-ens5/stage1/syn/bilateral100_surf,/mnt/data/home/mamuke588/pcdiff-implant/benchmarking/runs/stage1_ablation/SkullBreak/ddim-steps50-ens5/stage1/syn/bilateral100_surf/input.npy,/mnt/data/home/mamuke588/pcdiff-implant/benchmarking/runs/stage1_ablation/SkullBreak/ddim-steps50-ens5/stage1/syn/bilateral100_surf/sample.npy,/mnt/data/home/mamuke588/pcdiff-implant/benchmarking/runs/stage1_ablation/SkullBreak/ddim-steps50-ens5/stage1/syn/bilateral100_surf/shift.npy,/mnt/data/home/mamuke588/pcdiff-implant/benchmarking/runs/stage1_ablation/SkullBreak/ddim-steps50-ens5/stage1/syn/bilateral100_surf/scale.npy,5,0.0,
bilateral105_surf,/mnt/data/home/mamuke588/pcdiff-implant/benchmarking/runs/stage1_ablation/SkullBreak/ddim-steps50-ens5/stage1/syn/bilateral105_surf,/mnt/data/home/mamuke588/pcdiff-implant/benchmarking/runs/stage1_ablation/SkullBreak/ddim-steps50-ens5/stage1/syn/bilateral105_surf/input.npy,/mnt/data/home/mamuke588/pcdiff-implant/benchmarking/runs/stage1_ablation/SkullBreak/ddim-steps50-ens5/stage1/syn/bilateral105_surf/sample.npy,/mnt/data/home/mamuke588/pcdiff-implant/benchmarking/runs/stage1_ablation/SkullBreak/ddim-steps50-ens5/stage1/syn/bilateral105_surf/shift.npy,/mnt/data/home/mamuke588/pcdiff-implant/benchmarking/runs/stage1_ablation/SkullBreak/ddim-steps50-ens5/stage1/syn/bilateral105_surf/scale.npy,5,36.9888,7754.15
bilateral110_surf,/mnt/data/home/mamuke588/pcdiff-implant/benchmarking/runs/stage1_ablation/SkullBreak/ddim-steps50-ens5/stage1/syn/bilateral110_surf,/mnt/data/home/mamuke588/pcdiff-implant/benchmarking/runs/stage1_ablation/SkullBreak/ddim-steps50-ens5/stage1/syn/bilateral110_surf/input.npy,/mnt/data/home/mamuke588/pcdiff-implant/benchmarking/runs/stage1_ablation/SkullBreak/ddim-steps50-ens5/stage1/syn/bilateral110_surf/sample.npy,/mnt/data/home/mamuke588/pcdiff-implant/benchmarking/runs/stage1_ablation/SkullBreak/ddim-steps50-ens5/stage1/syn/bilateral110_surf/shift.npy,/mnt/data/home/mamuke588/pcdiff-implant/benchmarking/runs/stage1_ablation/SkullBreak/ddim-steps50-ens5/stage1/syn/bilateral110_surf/scale.npy,5,37.0597,7754.15
bilateral111_surf,/mnt/data/home/mamuke588/pcdiff-implant/benchmarking/runs/stage1_ablation/SkullBreak/ddim-steps50-ens5/stage1/syn/bilateral111_surf,/mnt/data/home/mamuke588/pcdiff-implant/benchmarking/runs/stage1_ablation/SkullBreak/ddim-steps50-ens5/stage1/syn/bilateral111_surf/input.npy,/mnt/data/home/mamuke588/pcdiff-implant/benchmarking/runs/stage1_ablation/SkullBreak/ddim-steps50-ens5/stage1/syn/bilateral111_surf/sample.npy,/mnt/data/home/mamuke588/pcdiff-implant/benchmarking/runs/stage1_ablation/SkullBreak/ddim-steps50-ens5/stage1/syn/bilateral111_surf/shift.npy,/mnt/data/home/mamuke588/pcdiff-implant/benchmarking/runs/stage1_ablation/SkullBreak/ddim-steps50-ens5/stage1/syn/bilateral111_surf/scale.npy,5,36.9265,7754.15
frontoorbital003_surf,/mnt/data/home/mamuke588/pcdiff-implant/benchmarking/runs/stage1_ablation/SkullBreak/ddim-steps50-ens5/stage1/syn/frontoorbital003_surf,/mnt/data/home/mamuke588/pcdiff-implant/benchmarking/runs/stage1_ablation/SkullBreak/ddim-steps50-ens5/stage1/syn/frontoorbital003_surf/input.npy,/mnt/data/home/mamuke588/pcdiff-implant/benchmarking/runs/stage1_ablation/SkullBreak/ddim-steps50-ens5/stage1/syn/frontoorbital003_surf/sample.npy,/mnt/data/home/mamuke588/pcdiff-implant/benchmarking/runs/stage1_ablation/SkullBreak/ddim-steps50-ens5/stage1/syn/frontoorbital003_surf/shift.npy,/mnt/data/home/mamuke588/pcdiff-implant/benchmarking/runs/stage1_ablation/SkullBreak/ddim-steps50-ens5/stage1/syn/frontoorbital003_surf/scale.npy,5,37.0591,7754.15
frontoorbital004_surf,/mnt/data/home/mamuke588/pcdiff-implant/benchmarking/runs/stage1_ablation/SkullBreak/ddim-steps50-ens5/stage1/syn/frontoorbital004_surf,/mnt/data/home/mamuke588/pcdiff-implant/benchmarking/runs/stage1_ablation/SkullBreak/ddim-steps50-ens5/stage1/syn/frontoorbital004_surf/input.npy,/mnt/data/home/mamuke588/pcdiff-implant/benchmarking/runs/stage1_ablation/SkullBreak/ddim-steps50-ens5/stage1/syn/frontoorbital004_surf/sample.npy,/mnt/data/home/mamuke588/pcdiff-implant/benchmarking/runs/stage1_ablation/SkullBreak/ddim-steps50-ens5/stage1/syn/frontoorbital004_surf/shift.npy,/mnt/data/home/mamuke588/pcdiff-implant/benchmarking/runs/stage1_ablation/SkullBreak/ddim-steps50-ens5/stage1/syn/frontoorbital004_surf/scale.npy,5,36.9368,7754.15
frontoorbital011_surf,/mnt/data/home/mamuke588/pcdiff-implant/benchmarking/runs/stage1_ablation/SkullBreak/ddim-steps50-ens5/stage1/syn/frontoorbital011_surf,/mnt/data/home/mamuke588/pcdiff-implant/benchmarking/runs/stage1_ablation/SkullBreak/ddim-steps50-ens5/stage1/syn/frontoorbital011_surf/input.npy,/mnt/data/home/mamuke588/pcdiff-implant/benchmarking/runs/stage1_ablation/SkullBreak/ddim-steps50-ens5/stage1/syn/frontoorbital011_surf/sample.npy,/mnt/data/home/mamuke588/pcdiff-implant/benchmarking/runs/stage1_ablation/SkullBreak/ddim-steps50-ens5/stage1/syn/frontoorbital011_surf/shift.npy,/mnt/data/home/mamuke588/pcdiff-implant/benchmarking/runs/stage1_ablation/SkullBreak/ddim-steps50-ens5/stage1/syn/frontoorbital011_surf/scale.npy,5,37.0523,7754.15
frontoorbital013_surf,/mnt/data/home/mamuke588/pcdiff-implant/benchmarking/runs/stage1_ablation/SkullBreak/ddim-steps50-ens5/stage1/syn/frontoorbital013_surf,/mnt/data/home/mamuke588/pcdiff-implant/benchmarking/runs/stage1_ablation/SkullBreak/ddim-steps50-ens5/stage1/syn/frontoorbital013_surf/input.npy,/mnt/data/home/mamuke588/pcdiff-implant/benchmarking/runs/stage1_ablation/SkullBreak/ddim-steps50-ens5/stage1/syn/frontoorbital013_surf/sample.npy,/mnt/data/home/mamuke588/pcdiff-implant/benchmarking/runs/stage1_ablation/SkullBreak/ddim-steps50-ens5/stage1/syn/frontoorbital013_surf/shift.npy,/mnt/data/home/mamuke588/pcdiff-implant/benchmarking/runs/stage1_ablation/SkullBreak/ddim-steps50-ens5/stage1/syn/frontoorbital013_surf/scale.npy,5,37.0003,7754.15
frontoorbital014_surf,/mnt/data/home/mamuke588/pcdiff-implant/benchmarking/runs/stage1_ablation/SkullBreak/ddim-steps50-ens5/stage1/syn/frontoorbital014_surf,/mnt/data/home/mamuke588/pcdiff-implant/benchmarking/runs/stage1_ablation/SkullBreak/ddim-steps50-ens5/stage1/syn/frontoorbital014_surf/input.npy,/mnt/data/home/mamuke588/pcdiff-implant/benchmarking/runs/stage1_ablation/SkullBreak/ddim-steps50-ens5/stage1/syn/frontoorbital014_surf/sample.npy,/mnt/data/home/mamuke588/pcdiff-implant/benchmarking/runs/stage1_ablation/SkullBreak/ddim-steps50-ens5/stage1/syn/frontoorbital014_surf/shift.npy,/mnt/data/home/mamuke588/pcdiff-implant/benchmarking/runs/stage1_ablation/SkullBreak/ddim-steps50-ens5/stage1/syn/frontoorbital014_surf/scale.npy,5,37.013,7754.15
frontoorbital017_surf,/mnt/data/home/mamuke588/pcdiff-implant/benchmarking/runs/stage1_ablation/SkullBreak/ddim-steps50-ens5/stage1/syn/frontoorbital017_surf,/mnt/data/home/mamuke588/pcdiff-implant/benchmarking/runs/stage1_ablation/SkullBreak/ddim-steps50-ens5/stage1/syn/frontoorbital017_surf/input.npy,/mnt/data/home/mamuke588/pcdiff-implant/benchmarking/runs/stage1_ablation/SkullBreak/ddim-steps50-ens5/stage1/syn/frontoorbital017_surf/sample.npy,/mnt/data/home/mamuke588/pcdiff-implant/benchmarking/runs/stage1_ablation/SkullBreak/ddim-steps50-ens5/stage1/syn/frontoorbital017_surf/shift.npy,/mnt/data/home/mamuke588/pcdiff-implant/benchmarking/runs/stage1_ablation/SkullBreak/ddim-steps50-ens5/stage1/syn/frontoorbital017_surf/scale.npy,5,36.9787,7754.15
frontoorbital027_surf,/mnt/data/home/mamuke588/pcdiff-implant/benchmarking/runs/stage1_ablation/SkullBreak/ddim-steps50-ens5/stage1/syn/frontoorbital027_surf,/mnt/data/home/mamuke588/pcdiff-implant/benchmarking/runs/stage1_ablation/SkullBreak/ddim-steps50-ens5/stage1/syn/frontoorbital027_surf/input.npy,/mnt/data/home/mamuke588/pcdiff-implant/benchmarking/runs/stage1_ablation/SkullBreak/ddim-steps50-ens5/stage1/syn/frontoorbital027_surf/sample.npy,/mnt/data/home/mamuke588/pcdiff-implant/benchmarking/runs/stage1_ablation/SkullBreak/ddim-steps50-ens5/stage1/syn/frontoorbital027_surf/shift.npy,/mnt/data/home/mamuke588/pcdiff-implant/benchmarking/runs/stage1_ablation/SkullBreak/ddim-steps50-ens5/stage1/syn/frontoorbital027_surf/scale.npy,5,0.0,
frontoorbital028_surf,/mnt/data/home/mamuke588/pcdiff-implant/benchmarking/runs/stage1_ablation/SkullBreak/ddim-steps50-ens5/stage1/syn/frontoorbital028_surf,/mnt/data/home/mamuke588/pcdiff-implant/benchmarking/runs/stage1_ablation/SkullBreak/ddim-steps50-ens5/stage1/syn/frontoorbital028_surf/input.npy,/mnt/data/home/mamuke588/pcdiff-implant/benchmarking/runs/stage1_ablation/SkullBreak/ddim-steps50-ens5/stage1/syn/frontoorbital028_surf/sample.npy,/mnt/data/home/mamuke588/pcdiff-implant/benchmarking/runs/stage1_ablation/SkullBreak/ddim-steps50-ens5/stage1/syn/frontoorbital028_surf/shift.npy,/mnt/data/home/mamuke588/pcdiff-implant/benchmarking/runs/stage1_ablation/SkullBreak/ddim-steps50-ens5/stage1/syn/frontoorbital028_surf/scale.npy,5,37.0344,7754.15
frontoorbital029_surf,/mnt/data/home/mamuke588/pcdiff-implant/benchmarking/runs/stage1_ablation/SkullBreak/ddim-steps50-ens5/stage1/syn/frontoorbital029_surf,/mnt/data/home/mamuke588/pcdiff-implant/benchmarking/runs/stage1_ablation/SkullBreak/ddim-steps50-ens5/stage1/syn/frontoorbital029_surf/input.npy,/mnt/data/home/mamuke588/pcdiff-implant/benchmarking/runs/stage1_ablation/SkullBreak/ddim-steps50-ens5/stage1/syn/frontoorbital029_surf/sample.npy,/mnt/data/home/mamuke588/pcdiff-implant/benchmarking/runs/stage1_ablation/SkullBreak/ddim-steps50-ens5/stage1/syn/frontoorbital029_surf/shift.npy,/mnt/data/home/mamuke588/pcdiff-implant/benchmarking/runs/stage1_ablation/SkullBreak/ddim-steps50-ens5/stage1/syn/frontoorbital029_surf/scale.npy,5,0.0,
frontoorbital031_surf,/mnt/data/home/mamuke588/pcdiff-implant/benchmarking/runs/stage1_ablation/SkullBreak/ddim-steps50-ens5/stage1/syn/frontoorbital031_surf,/mnt/data/home/mamuke588/pcdiff-implant/benchmarking/runs/stage1_ablation/SkullBreak/ddim-steps50-ens5/stage1/syn/frontoorbital031_surf/input.npy,/mnt/data/home/mamuke588/pcdiff-implant/benchmarking/runs/stage1_ablation/SkullBreak/ddim-steps50-ens5/stage1/syn/frontoorbital031_surf/sample.npy,/mnt/data/home/mamuke588/pcdiff-implant/benchmarking/runs/stage1_ablation/SkullBreak/ddim-steps50-ens5/stage1/syn/frontoorbital031_surf/shift.npy,/mnt/data/home/mamuke588/pcdiff-implant/benchmarking/runs/stage1_ablation/SkullBreak/ddim-steps50-ens5/stage1/syn/frontoorbital031_surf/scale.npy,5,37.0317,7754.15
frontoorbital035_surf,/mnt/data/home/mamuke588/pcdiff-implant/benchmarking/runs/stage1_ablation/SkullBreak/ddim-steps50-ens5/stage1/syn/frontoorbital035_surf,/mnt/data/home/mamuke588/pcdiff-implant/benchmarking/runs/stage1_ablation/SkullBreak/ddim-steps50-ens5/stage1/syn/frontoorbital035_surf/input.npy,/mnt/data/home/mamuke588/pcdiff-implant/benchmarking/runs/stage1_ablation/SkullBreak/ddim-steps50-ens5/stage1/syn/frontoorbital035_surf/sample.npy,/mnt/data/home/mamuke588/pcdiff-implant/benchmarking/runs/stage1_ablation/SkullBreak/ddim-steps50-ens5/stage1/syn/frontoorbital035_surf/shift.npy,/mnt/data/home/mamuke588/pcdiff-implant/benchmarking/runs/stage1_ablation/SkullBreak/ddim-steps50-ens5/stage1/syn/frontoorbital035_surf/scale.npy,5,37.0496,7754.15
frontoorbital054_surf,/mnt/data/home/mamuke588/pcdiff-implant/benchmarking/runs/stage1_ablation/SkullBreak/ddim-steps50-ens5/stage1/syn/frontoorbital054_surf,/mnt/data/home/mamuke588/pcdiff-implant/benchmarking/runs/stage1_ablation/SkullBreak/ddim-steps50-ens5/stage1/syn/frontoorbital054_surf/input.npy,/mnt/data/home/mamuke588/pcdiff-implant/benchmarking/runs/stage1_ablation/SkullBreak/ddim-steps50-ens5/stage1/syn/frontoorbital054_surf/sample.npy,/mnt/data/home/mamuke588/pcdiff-implant/benchmarking/runs/stage1_ablation/SkullBreak/ddim-steps50-ens5/stage1/syn/frontoorbital054_surf/shift.npy,/mnt/data/home/mamuke588/pcdiff-implant/benchmarking/runs/stage1_ablation/SkullBreak/ddim-steps50-ens5/stage1/syn/frontoorbital054_surf/scale.npy,5,37.0702,7754.15
frontoorbital064_surf,/mnt/data/home/mamuke588/pcdiff-implant/benchmarking/runs/stage1_ablation/SkullBreak/ddim-steps50-ens5/stage1/syn/frontoorbital064_surf,/mnt/data/home/mamuke588/pcdiff-implant/benchmarking/runs/stage1_ablation/SkullBreak/ddim-steps50-ens5/stage1/syn/frontoorbital064_surf/input.npy,/mnt/data/home/mamuke588/pcdiff-implant/benchmarking/runs/stage1_ablation/SkullBreak/ddim-steps50-ens5/stage1/syn/frontoorbital064_surf/sample.npy,/mnt/data/home/mamuke588/pcdiff-implant/benchmarking/runs/stage1_ablation/SkullBreak/ddim-steps50-ens5/stage1/syn/frontoorbital064_surf/shift.npy,/mnt/data/home/mamuke588/pcdiff-implant/benchmarking/runs/stage1_ablation/SkullBreak/ddim-steps50-ens5/stage1/syn/frontoorbital064_surf/scale.npy,5,0.0,
frontoorbital069_surf,/mnt/data/home/mamuke588/pcdiff-implant/benchmarking/runs/stage1_ablation/SkullBreak/ddim-steps50-ens5/stage1/syn/frontoorbital069_surf,/mnt/data/home/mamuke588/pcdiff-implant/benchmarking/runs/stage1_ablation/SkullBreak/ddim-steps50-ens5/stage1/syn/frontoorbital069_surf/input.npy,/mnt/data/home/mamuke588/pcdiff-implant/benchmarking/runs/stage1_ablation/SkullBreak/ddim-steps50-ens5/stage1/syn/frontoorbital069_surf/sample.npy,/mnt/data/home/mamuke588/pcdiff-implant/benchmarking/runs/stage1_ablation/SkullBreak/ddim-steps50-ens5/stage1/syn/frontoorbital069_surf/shift.npy,/mnt/data/home/mamuke588/pcdiff-implant/benchmarking/runs/stage1_ablation/SkullBreak/ddim-steps50-ens5/stage1/syn/frontoorbital069_surf/scale.npy,5,36.9737,7754.15
frontoorbital075_surf,/mnt/data/home/mamuke588/pcdiff-implant/benchmarking/runs/stage1_ablation/SkullBreak/ddim-steps50-ens5/stage1/syn/frontoorbital075_surf,/mnt/data/home/mamuke588/pcdiff-implant/benchmarking/runs/stage1_ablation/SkullBreak/ddim-steps50-ens5/stage1/syn/frontoorbital075_surf/input.npy,/mnt/data/home/mamuke588/pcdiff-implant/benchmarking/runs/stage1_ablation/SkullBreak/ddim-steps50-ens5/stage1/syn/frontoorbital075_surf/sample.npy,/mnt/data/home/mamuke588/pcdiff-implant/benchmarking/runs/stage1_ablation/SkullBreak/ddim-steps50-ens5/stage1/syn/frontoorbital075_surf/shift.npy,/mnt/data/home/mamuke588/pcdiff-implant/benchmarking/runs/stage1_ablation/SkullBreak/ddim-steps50-ens5/stage1/syn/frontoorbital075_surf/scale.npy,5,36.9611,7754.15
frontoorbital077_surf,/mnt/data/home/mamuke588/pcdiff-implant/benchmarking/runs/stage1_ablation/SkullBreak/ddim-steps50-ens5/stage1/syn/frontoorbital077_surf,/mnt/data/home/mamuke588/pcdiff-implant/benchmarking/runs/stage1_ablation/SkullBreak/ddim-steps50-ens5/stage1/syn/frontoorbital077_surf/input.npy,/mnt/data/home/mamuke588/pcdiff-implant/benchmarking/runs/stage1_ablation/SkullBreak/ddim-steps50-ens5/stage1/syn/frontoorbital077_surf/sample.npy,/mnt/data/home/mamuke588/pcdiff-implant/benchmarking/runs/stage1_ablation/SkullBreak/ddim-steps50-ens5/stage1/syn/frontoorbital077_surf/shift.npy,/mnt/data/home/mamuke588/pcdiff-implant/benchmarking/runs/stage1_ablation/SkullBreak/ddim-steps50-ens5/stage1/syn/frontoorbital077_surf/scale.npy,5,0.0,
frontoorbital081_surf,/mnt/data/home/mamuke588/pcdiff-implant/benchmarking/runs/stage1_ablation/SkullBreak/ddim-steps50-ens5/stage1/syn/frontoorbital081_surf,/mnt/data/home/mamuke588/pcdiff-implant/benchmarking/runs/stage1_ablation/SkullBreak/ddim-steps50-ens5/stage1/syn/frontoorbital081_surf/input.npy,/mnt/data/home/mamuke588/pcdiff-implant/benchmarking/runs/stage1_ablation/SkullBreak/ddim-steps50-ens5/stage1/syn/frontoorbital081_surf/sample.npy,/mnt/data/home/mamuke588/pcdiff-implant/benchmarking/runs/stage1_ablation/SkullBreak/ddim-steps50-ens5/stage1/syn/frontoorbital081_surf/shift.npy,/mnt/data/home/mamuke588/pcdiff-implant/benchmarking/runs/stage1_ablation/SkullBreak/ddim-steps50-ens5/stage1/syn/frontoorbital081_surf/scale.npy,5,37.0688,7754.15
frontoorbital086_surf,/mnt/data/home/mamuke588/pcdiff-implant/benchmarking/runs/stage1_ablation/SkullBreak/ddim-steps50-ens5/stage1/syn/frontoorbital086_surf,/mnt/data/home/mamuke588/pcdiff-implant/benchmarking/runs/stage1_ablation/SkullBreak/ddim-steps50-ens5/stage1/syn/frontoorbital086_surf/input.npy,/mnt/data/home/mamuke588/pcdiff-implant/benchmarking/runs/stage1_ablation/SkullBreak/ddim-steps50-ens5/stage1/syn/frontoorbital086_surf/sample.npy,/mnt/data/home/mamuke588/pcdiff-implant/benchmarking/runs/stage1_ablation/SkullBreak/ddim-steps50-ens5/stage1/syn/frontoorbital086_surf/shift.npy,/mnt/data/home/mamuke588/pcdiff-implant/benchmarking/runs/stage1_ablation/SkullBreak/ddim-steps50-ens5/stage1/syn/frontoorbital086_surf/scale.npy,5,37.0209,7754.15
frontoorbital094_surf,/mnt/data/home/mamuke588/pcdiff-implant/benchmarking/runs/stage1_ablation/SkullBreak/ddim-steps50-ens5/stage1/syn/frontoorbital094_surf,/mnt/data/home/mamuke588/pcdiff-implant/benchmarking/runs/stage1_ablation/SkullBreak/ddim-steps50-ens5/stage1/syn/frontoorbital094_surf/input.npy,/mnt/data/home/mamuke588/pcdiff-implant/benchmarking/runs/stage1_ablation/SkullBreak/ddim-steps50-ens5/stage1/syn/frontoorbital094_surf/sample.npy,/mnt/data/home/mamuke588/pcdiff-implant/benchmarking/runs/stage1_ablation/SkullBreak/ddim-steps50-ens5/stage1/syn/frontoorbital094_surf/shift.npy,/mnt/data/home/mamuke588/pcdiff-implant/benchmarking/runs/stage1_ablation/SkullBreak/ddim-steps50-ens5/stage1/syn/frontoorbital094_surf/scale.npy,5,37.0422,7754.15
frontoorbital100_surf,/mnt/data/home/mamuke588/pcdiff-implant/benchmarking/runs/stage1_ablation/SkullBreak/ddim-steps50-ens5/stage1/syn/frontoorbital100_surf,/mnt/data/home/mamuke588/pcdiff-implant/benchmarking/runs/stage1_ablation/SkullBreak/ddim-steps50-ens5/stage1/syn/frontoorbital100_surf/input.npy,/mnt/data/home/mamuke588/pcdiff-implant/benchmarking/runs/stage1_ablation/SkullBreak/ddim-steps50-ens5/stage1/syn/frontoorbital100_surf/sample.npy,/mnt/data/home/mamuke588/pcdiff-implant/benchmarking/runs/stage1_ablation/SkullBreak/ddim-steps50-ens5/stage1/syn/frontoorbital100_surf/shift.npy,/mnt/data/home/mamuke588/pcdiff-implant/benchmarking/runs/stage1_ablation/SkullBreak/ddim-steps50-ens5/stage1/syn/frontoorbital100_surf/scale.npy,5,37.695,7754.15
frontoorbital105_surf,/mnt/data/home/mamuke588/pcdiff-implant/benchmarking/runs/stage1_ablation/SkullBreak/ddim-steps50-ens5/stage1/syn/frontoorbital105_surf,/mnt/data/home/mamuke588/pcdiff-implant/benchmarking/runs/stage1_ablation/SkullBreak/ddim-steps50-ens5/stage1/syn/frontoorbital105_surf/input.npy,/mnt/data/home/mamuke588/pcdiff-implant/benchmarking/runs/stage1_ablation/SkullBreak/ddim-steps50-ens5/stage1/syn/frontoorbital105_surf/sample.npy,/mnt/data/home/mamuke588/pcdiff-implant/benchmarking/runs/stage1_ablation/SkullBreak/ddim-steps50-ens5/stage1/syn/frontoorbital105_surf/shift.npy,/mnt/data/home/mamuke588/pcdiff-implant/benchmarking/runs/stage1_ablation/SkullBreak/ddim-steps50-ens5/stage1/syn/frontoorbital105_surf/scale.npy,5,36.9881,7754.15
frontoorbital110_surf,/mnt/data/home/mamuke588/pcdiff-implant/benchmarking/runs/stage1_ablation/SkullBreak/ddim-steps50-ens5/stage1/syn/frontoorbital110_surf,/mnt/data/home/mamuke588/pcdiff-implant/benchmarking/runs/stage1_ablation/SkullBreak/ddim-steps50-ens5/stage1/syn/frontoorbital110_surf/input.npy,/mnt/data/home/mamuke588/pcdiff-implant/benchmarking/runs/stage1_ablation/SkullBreak/ddim-steps50-ens5/stage1/syn/frontoorbital110_surf/sample.npy,/mnt/data/home/mamuke588/pcdiff-implant/benchmarking/runs/stage1_ablation/SkullBreak/ddim-steps50-ens5/stage1/syn/frontoorbital110_surf/shift.npy,/mnt/data/home/mamuke588/pcdiff-implant/benchmarking/runs/stage1_ablation/SkullBreak/ddim-steps50-ens5/stage1/syn/frontoorbital110_surf/scale.npy,5,37.0452,7754.15
frontoorbital111_surf,/mnt/data/home/mamuke588/pcdiff-implant/benchmarking/runs/stage1_ablation/SkullBreak/ddim-steps50-ens5/stage1/syn/frontoorbital111_surf,/mnt/data/home/mamuke588/pcdiff-implant/benchmarking/runs/stage1_ablation/SkullBreak/ddim-steps50-ens5/stage1/syn/frontoorbital111_surf/input.npy,/mnt/data/home/mamuke588/pcdiff-implant/benchmarking/runs/stage1_ablation/SkullBreak/ddim-steps50-ens5/stage1/syn/frontoorbital111_surf/sample.npy,/mnt/data/home/mamuke588/pcdiff-implant/benchmarking/runs/stage1_ablation/SkullBreak/ddim-steps50-ens5/stage1/syn/frontoorbital111_surf/shift.npy,/mnt/data/home/mamuke588/pcdiff-implant/benchmarking/runs/stage1_ablation/SkullBreak/ddim-steps50-ens5/stage1/syn/frontoorbital111_surf/scale.npy,5,36.9896,7754.15
parietotemporal003_surf,/mnt/data/home/mamuke588/pcdiff-implant/benchmarking/runs/stage1_ablation/SkullBreak/ddim-steps50-ens5/stage1/syn/parietotemporal003_surf,/mnt/data/home/mamuke588/pcdiff-implant/benchmarking/runs/stage1_ablation/SkullBreak/ddim-steps50-ens5/stage1/syn/parietotemporal003_surf/input.npy,/mnt/data/home/mamuke588/pcdiff-implant/benchmarking/runs/stage1_ablation/SkullBreak/ddim-steps50-ens5/stage1/syn/parietotemporal003_surf/sample.npy,/mnt/data/home/mamuke588/pcdiff-implant/benchmarking/runs/stage1_ablation/SkullBreak/ddim-steps50-ens5/stage1/syn/parietotemporal003_surf/shift.npy,/mnt/data/home/mamuke588/pcdiff-implant/benchmarking/runs/stage1_ablation/SkullBreak/ddim-steps50-ens5/stage1/syn/parietotemporal003_surf/scale.npy,5,37.045,7754.15
parietotemporal004_surf,/mnt/data/home/mamuke588/pcdiff-implant/benchmarking/runs/stage1_ablation/SkullBreak/ddim-steps50-ens5/stage1/syn/parietotemporal004_surf,/mnt/data/home/mamuke588/pcdiff-implant/benchmarking/runs/stage1_ablation/SkullBreak/ddim-steps50-ens5/stage1/syn/parietotemporal004_surf/input.npy,/mnt/data/home/mamuke588/pcdiff-implant/benchmarking/runs/stage1_ablation/SkullBreak/ddim-steps50-ens5/stage1/syn/parietotemporal004_surf/sample.npy,/mnt/data/home/mamuke588/pcdiff-implant/benchmarking/runs/stage1_ablation/SkullBreak/ddim-steps50-ens5/stage1/syn/parietotemporal004_surf/shift.npy,/mnt/data/home/mamuke588/pcdiff-implant/benchmarking/runs/stage1_ablation/SkullBreak/ddim-steps50-ens5/stage1/syn/parietotemporal004_surf/scale.npy,5,36.9984,7754.15
parietotemporal011_surf,/mnt/data/home/mamuke588/pcdiff-implant/benchmarking/runs/stage1_ablation/SkullBreak/ddim-steps50-ens5/stage1/syn/parietotemporal011_surf,/mnt/data/home/mamuke588/pcdiff-implant/benchmarking/runs/stage1_ablation/SkullBreak/ddim-steps50-ens5/stage1/syn/parietotemporal011_surf/input.npy,/mnt/data/home/mamuke588/pcdiff-implant/benchmarking/runs/stage1_ablation/SkullBreak/ddim-steps50-ens5/stage1/syn/parietotemporal011_surf/sample.npy,/mnt/data/home/mamuke588/pcdiff-implant/benchmarking/runs/stage1_ablation/SkullBreak/ddim-steps50-ens5/stage1/syn/parietotemporal011_surf/shift.npy,/mnt/data/home/mamuke588/pcdiff-implant/benchmarking/runs/stage1_ablation/SkullBreak/ddim-steps50-ens5/stage1/syn/parietotemporal011_surf/scale.npy,5,37.0025,7754.15
parietotemporal013_surf,/mnt/data/home/mamuke588/pcdiff-implant/benchmarking/runs/stage1_ablation/SkullBreak/ddim-steps50-ens5/stage1/syn/parietotemporal013_surf,/mnt/data/home/mamuke588/pcdiff-implant/benchmarking/runs/stage1_ablation/SkullBreak/ddim-steps50-ens5/stage1/syn/parietotemporal013_surf/input.npy,/mnt/data/home/mamuke588/pcdiff-implant/benchmarking/runs/stage1_ablation/SkullBreak/ddim-steps50-ens5/stage1/syn/parietotemporal013_surf/sample.npy,/mnt/data/home/mamuke588/pcdiff-implant/benchmarking/runs/stage1_ablation/SkullBreak/ddim-steps50-ens5/stage1/syn/parietotemporal013_surf/shift.npy,/mnt/data/home/mamuke588/pcdiff-implant/benchmarking/runs/stage1_ablation/SkullBreak/ddim-steps50-ens5/stage1/syn/parietotemporal013_surf/scale.npy,5,37.0253,7754.15
parietotemporal014_surf,/mnt/data/home/mamuke588/pcdiff-implant/benchmarking/runs/stage1_ablation/SkullBreak/ddim-steps50-ens5/stage1/syn/parietotemporal014_surf,/mnt/data/home/mamuke588/pcdiff-implant/benchmarking/runs/stage1_ablation/SkullBreak/ddim-steps50-ens5/stage1/syn/parietotemporal014_surf/input.npy,/mnt/data/home/mamuke588/pcdiff-implant/benchmarking/runs/stage1_ablation/SkullBreak/ddim-steps50-ens5/stage1/syn/parietotemporal014_surf/sample.npy,/mnt/data/home/mamuke588/pcdiff-implant/benchmarking/runs/stage1_ablation/SkullBreak/ddim-steps50-ens5/stage1/syn/parietotemporal014_surf/shift.npy,/mnt/data/home/mamuke588/pcdiff-implant/benchmarking/runs/stage1_ablation/SkullBreak/ddim-steps50-ens5/stage1/syn/parietotemporal014_surf/scale.npy,5,36.9766,7754.15
parietotemporal017_surf,/mnt/data/home/mamuke588/pcdiff-implant/benchmarking/runs/stage1_ablation/SkullBreak/ddim-steps50-ens5/stage1/syn/parietotemporal017_surf,/mnt/data/home/mamuke588/pcdiff-implant/benchmarking/runs/stage1_ablation/SkullBreak/ddim-steps50-ens5/stage1/syn/parietotemporal017_surf/input.npy,/mnt/data/home/mamuke588/pcdiff-implant/benchmarking/runs/stage1_ablation/SkullBreak/ddim-steps50-ens5/stage1/syn/parietotemporal017_surf/sample.npy,/mnt/data/home/mamuke588/pcdiff-implant/benchmarking/runs/stage1_ablation/SkullBreak/ddim-steps50-ens5/stage1/syn/parietotemporal017_surf/shift.npy,/mnt/data/home/mamuke588/pcdiff-implant/benchmarking/runs/stage1_ablation/SkullBreak/ddim-steps50-ens5/stage1/syn/parietotemporal017_surf/scale.npy,5,36.9843,7754.15
parietotemporal027_surf,/mnt/data/home/mamuke588/pcdiff-implant/benchmarking/runs/stage1_ablation/SkullBreak/ddim-steps50-ens5/stage1/syn/parietotemporal027_surf,/mnt/data/home/mamuke588/pcdiff-implant/benchmarking/runs/stage1_ablation/SkullBreak/ddim-steps50-ens5/stage1/syn/parietotemporal027_surf/input.npy,/mnt/data/home/mamuke588/pcdiff-implant/benchmarking/runs/stage1_ablation/SkullBreak/ddim-steps50-ens5/stage1/syn/parietotemporal027_surf/sample.npy,/mnt/data/home/mamuke588/pcdiff-implant/benchmarking/runs/stage1_ablation/SkullBreak/ddim-steps50-ens5/stage1/syn/parietotemporal027_surf/shift.npy,/mnt/data/home/mamuke588/pcdiff-implant/benchmarking/runs/stage1_ablation/SkullBreak/ddim-steps50-ens5/stage1/syn/parietotemporal027_surf/scale.npy,5,0.0,
parietotemporal028_surf,/mnt/data/home/mamuke588/pcdiff-implant/benchmarking/runs/stage1_ablation/SkullBreak/ddim-steps50-ens5/stage1/syn/parietotemporal028_surf,/mnt/data/home/mamuke588/pcdiff-implant/benchmarking/runs/stage1_ablation/SkullBreak/ddim-steps50-ens5/stage1/syn/parietotemporal028_surf/input.npy,/mnt/data/home/mamuke588/pcdiff-implant/benchmarking/runs/stage1_ablation/SkullBreak/ddim-steps50-ens5/stage1/syn/parietotemporal028_surf/sample.npy,/mnt/data/home/mamuke588/pcdiff-implant/benchmarking/runs/stage1_ablation/SkullBreak/ddim-steps50-ens5/stage1/syn/parietotemporal028_surf/shift.npy,/mnt/data/home/mamuke588/pcdiff-implant/benchmarking/runs/stage1_ablation/SkullBreak/ddim-steps50-ens5/stage1/syn/parietotemporal028_surf/scale.npy,5,36.9166,7754.15
parietotemporal029_surf,/mnt/data/home/mamuke588/pcdiff-implant/benchmarking/runs/stage1_ablation/SkullBreak/ddim-steps50-ens5/stage1/syn/parietotemporal029_surf,/mnt/data/home/mamuke588/pcdiff-implant/benchmarking/runs/stage1_ablation/SkullBreak/ddim-steps50-ens5/stage1/syn/parietotemporal029_surf/input.npy,/mnt/data/home/mamuke588/pcdiff-implant/benchmarking/runs/stage1_ablation/SkullBreak/ddim-steps50-ens5/stage1/syn/parietotemporal029_surf/sample.npy,/mnt/data/home/mamuke588/pcdiff-implant/benchmarking/runs/stage1_ablation/SkullBreak/ddim-steps50-ens5/stage1/syn/parietotemporal029_surf/shift.npy,/mnt/data/home/mamuke588/pcdiff-implant/benchmarking/runs/stage1_ablation/SkullBreak/ddim-steps50-ens5/stage1/syn/parietotemporal029_surf/scale.npy,5,0.0,
parietotemporal031_surf,/mnt/data/home/mamuke588/pcdiff-implant/benchmarking/runs/stage1_ablation/SkullBreak/ddim-steps50-ens5/stage1/syn/parietotemporal031_surf,/mnt/data/home/mamuke588/pcdiff-implant/benchmarking/runs/stage1_ablation/SkullBreak/ddim-steps50-ens5/stage1/syn/parietotemporal031_surf/input.npy,/mnt/data/home/mamuke588/pcdiff-implant/benchmarking/runs/stage1_ablation/SkullBreak/ddim-steps50-ens5/stage1/syn/parietotemporal031_surf/sample.npy,/mnt/data/home/mamuke588/pcdiff-implant/benchmarking/runs/stage1_ablation/SkullBreak/ddim-steps50-ens5/stage1/syn/parietotemporal031_surf/shift.npy,/mnt/data/home/mamuke588/pcdiff-implant/benchmarking/runs/stage1_ablation/SkullBreak/ddim-steps50-ens5/stage1/syn/parietotemporal031_surf/scale.npy,5,37.0418,7754.15
parietotemporal035_surf,/mnt/data/home/mamuke588/pcdiff-implant/benchmarking/runs/stage1_ablation/SkullBreak/ddim-steps50-ens5/stage1/syn/parietotemporal035_surf,/mnt/data/home/mamuke588/pcdiff-implant/benchmarking/runs/stage1_ablation/SkullBreak/ddim-steps50-ens5/stage1/syn/parietotemporal035_surf/input.npy,/mnt/data/home/mamuke588/pcdiff-implant/benchmarking/runs/stage1_ablation/SkullBreak/ddim-steps50-ens5/stage1/syn/parietotemporal035_surf/sample.npy,/mnt/data/home/mamuke588/pcdiff-implant/benchmarking/runs/stage1_ablation/SkullBreak/ddim-steps50-ens5/stage1/syn/parietotemporal035_surf/shift.npy,/mnt/data/home/mamuke588/pcdiff-implant/benchmarking/runs/stage1_ablation/SkullBreak/ddim-steps50-ens5/stage1/syn/parietotemporal035_surf/scale.npy,5,36.9968,7754.15
parietotemporal054_surf,/mnt/data/home/mamuke588/pcdiff-implant/benchmarking/runs/stage1_ablation/SkullBreak/ddim-steps50-ens5/stage1/syn/parietotemporal054_surf,/mnt/data/home/mamuke588/pcdiff-implant/benchmarking/runs/stage1_ablation/SkullBreak/ddim-steps50-ens5/stage1/syn/parietotemporal054_surf/input.npy,/mnt/data/home/mamuke588/pcdiff-implant/benchmarking/runs/stage1_ablation/SkullBreak/ddim-steps50-ens5/stage1/syn/parietotemporal054_surf/sample.npy,/mnt/data/home/mamuke588/pcdiff-implant/benchmarking/runs/stage1_ablation/SkullBreak/ddim-steps50-ens5/stage1/syn/parietotemporal054_surf/shift.npy,/mnt/data/home/mamuke588/pcdiff-implant/benchmarking/runs/stage1_ablation/SkullBreak/ddim-steps50-ens5/stage1/syn/parietotemporal054_surf/scale.npy,5,36.9885,7754.15
parietotemporal064_surf,/mnt/data/home/mamuke588/pcdiff-implant/benchmarking/runs/stage1_ablation/SkullBreak/ddim-steps50-ens5/stage1/syn/parietotemporal064_surf,/mnt/data/home/mamuke588/pcdiff-implant/benchmarking/runs/stage1_ablation/SkullBreak/ddim-steps50-ens5/stage1/syn/parietotemporal064_surf/input.npy,/mnt/data/home/mamuke588/pcdiff-implant/benchmarking/runs/stage1_ablation/SkullBreak/ddim-steps50-ens5/stage1/syn/parietotemporal064_surf/sample.npy,/mnt/data/home/mamuke588/pcdiff-implant/benchmarking/runs/stage1_ablation/SkullBreak/ddim-steps50-ens5/stage1/syn/parietotemporal064_surf/shift.npy,/mnt/data/home/mamuke588/pcdiff-implant/benchmarking/runs/stage1_ablation/SkullBreak/ddim-steps50-ens5/stage1/syn/parietotemporal064_surf/scale.npy,5,0.0,
parietotemporal069_surf,/mnt/data/home/mamuke588/pcdiff-implant/benchmarking/runs/stage1_ablation/SkullBreak/ddim-steps50-ens5/stage1/syn/parietotemporal069_surf,/mnt/data/home/mamuke588/pcdiff-implant/benchmarking/runs/stage1_ablation/SkullBreak/ddim-steps50-ens5/stage1/syn/parietotemporal069_surf/input.npy,/mnt/data/home/mamuke588/pcdiff-implant/benchmarking/runs/stage1_ablation/SkullBreak/ddim-steps50-ens5/stage1/syn/parietotemporal069_surf/sample.npy,/mnt/data/home/mamuke588/pcdiff-implant/benchmarking/runs/stage1_ablation/SkullBreak/ddim-steps50-ens5/stage1/syn/parietotemporal069_surf/shift.npy,/mnt/data/home/mamuke588/pcdiff-implant/benchmarking/runs/stage1_ablation/SkullBreak/ddim-steps50-ens5/stage1/syn/parietotemporal069_surf/scale.npy,5,37.0207,7754.15
parietotemporal075_surf,/mnt/data/home/mamuke588/pcdiff-implant/benchmarking/runs/stage1_ablation/SkullBreak/ddim-steps50-ens5/stage1/syn/parietotemporal075_surf,/mnt/data/home/mamuke588/pcdiff-implant/benchmarking/runs/stage1_ablation/SkullBreak/ddim-steps50-ens5/stage1/syn/parietotemporal075_surf/input.npy,/mnt/data/home/mamuke588/pcdiff-implant/benchmarking/runs/stage1_ablation/SkullBreak/ddim-steps50-ens5/stage1/syn/parietotemporal075_surf/sample.npy,/mnt/data/home/mamuke588/pcdiff-implant/benchmarking/runs/stage1_ablation/SkullBreak/ddim-steps50-ens5/stage1/syn/parietotemporal075_surf/shift.npy,/mnt/data/home/mamuke588/pcdiff-implant/benchmarking/runs/stage1_ablation/SkullBreak/ddim-steps50-ens5/stage1/syn/parietotemporal075_surf/scale.npy,5,37.0209,7754.15
parietotemporal077_surf,/mnt/data/home/mamuke588/pcdiff-implant/benchmarking/runs/stage1_ablation/SkullBreak/ddim-steps50-ens5/stage1/syn/parietotemporal077_surf,/mnt/data/home/mamuke588/pcdiff-implant/benchmarking/runs/stage1_ablation/SkullBreak/ddim-steps50-ens5/stage1/syn/parietotemporal077_surf/input.npy,/mnt/data/home/mamuke588/pcdiff-implant/benchmarking/runs/stage1_ablation/SkullBreak/ddim-steps50-ens5/stage1/syn/parietotemporal077_surf/sample.npy,/mnt/data/home/mamuke588/pcdiff-implant/benchmarking/runs/stage1_ablation/SkullBreak/ddim-steps50-ens5/stage1/syn/parietotemporal077_surf/shift.npy,/mnt/data/home/mamuke588/pcdiff-implant/benchmarking/runs/stage1_ablation/SkullBreak/ddim-steps50-ens5/stage1/syn/parietotemporal077_surf/scale.npy,5,0.0,
parietotemporal081_surf,/mnt/data/home/mamuke588/pcdiff-implant/benchmarking/runs/stage1_ablation/SkullBreak/ddim-steps50-ens5/stage1/syn/parietotemporal081_surf,/mnt/data/home/mamuke588/pcdiff-implant/benchmarking/runs/stage1_ablation/SkullBreak/ddim-steps50-ens5/stage1/syn/parietotemporal081_surf/input.npy,/mnt/data/home/mamuke588/pcdiff-implant/benchmarking/runs/stage1_ablation/SkullBreak/ddim-steps50-ens5/stage1/syn/parietotemporal081_surf/sample.npy,/mnt/data/home/mamuke588/pcdiff-implant/benchmarking/runs/stage1_ablation/SkullBreak/ddim-steps50-ens5/stage1/syn/parietotemporal081_surf/shift.npy,/mnt/data/home/mamuke588/pcdiff-implant/benchmarking/runs/stage1_ablation/SkullBreak/ddim-steps50-ens5/stage1/syn/parietotemporal081_surf/scale.npy,5,36.9529,7754.15
parietotemporal086_surf,/mnt/data/home/mamuke588/pcdiff-implant/benchmarking/runs/stage1_ablation/SkullBreak/ddim-steps50-ens5/stage1/syn/parietotemporal086_surf,/mnt/data/home/mamuke588/pcdiff-implant/benchmarking/runs/stage1_ablation/SkullBreak/ddim-steps50-ens5/stage1/syn/parietotemporal086_surf/input.npy,/mnt/data/home/mamuke588/pcdiff-implant/benchmarking/runs/stage1_ablation/SkullBreak/ddim-steps50-ens5/stage1/syn/parietotemporal086_surf/sample.npy,/mnt/data/home/mamuke588/pcdiff-implant/benchmarking/runs/stage1_ablation/SkullBreak/ddim-steps50-ens5/stage1/syn/parietotemporal086_surf/shift.npy,/mnt/data/home/mamuke588/pcdiff-implant/benchmarking/runs/stage1_ablation/SkullBreak/ddim-steps50-ens5/stage1/syn/parietotemporal086_surf/scale.npy,5,37.02,7754.15
parietotemporal094_surf,/mnt/data/home/mamuke588/pcdiff-implant/benchmarking/runs/stage1_ablation/SkullBreak/ddim-steps50-ens5/stage1/syn/parietotemporal094_surf,/mnt/data/home/mamuke588/pcdiff-implant/benchmarking/runs/stage1_ablation/SkullBreak/ddim-steps50-ens5/stage1/syn/parietotemporal094_surf/input.npy,/mnt/data/home/mamuke588/pcdiff-implant/benchmarking/runs/stage1_ablation/SkullBreak/ddim-steps50-ens5/stage1/syn/parietotemporal094_surf/sample.npy,/mnt/data/home/mamuke588/pcdiff-implant/benchmarking/runs/stage1_ablation/SkullBreak/ddim-steps50-ens5/stage1/syn/parietotemporal094_surf/shift.npy,/mnt/data/home/mamuke588/pcdiff-implant/benchmarking/runs/stage1_ablation/SkullBreak/ddim-steps50-ens5/stage1/syn/parietotemporal094_surf/scale.npy,5,37.0638,7754.15
parietotemporal100_surf,/mnt/data/home/mamuke588/pcdiff-implant/benchmarking/runs/stage1_ablation/SkullBreak/ddim-steps50-ens5/stage1/syn/parietotemporal100_surf,/mnt/data/home/mamuke588/pcdiff-implant/benchmarking/runs/stage1_ablation/SkullBreak/ddim-steps50-ens5/stage1/syn/parietotemporal100_surf/input.npy,/mnt/data/home/mamuke588/pcdiff-implant/benchmarking/runs/stage1_ablation/SkullBreak/ddim-steps50-ens5/stage1/syn/parietotemporal100_surf/sample.npy,/mnt/data/home/mamuke588/pcdiff-implant/benchmarking/runs/stage1_ablation/SkullBreak/ddim-steps50-ens5/stage1/syn/parietotemporal100_surf/shift.npy,/mnt/data/home/mamuke588/pcdiff-implant/benchmarking/runs/stage1_ablation/SkullBreak/ddim-steps50-ens5/stage1/syn/parietotemporal100_surf/scale.npy,5,36.9251,7754.15
parietotemporal105_surf,/mnt/data/home/mamuke588/pcdiff-implant/benchmarking/runs/stage1_ablation/SkullBreak/ddim-steps50-ens5/stage1/syn/parietotemporal105_surf,/mnt/data/home/mamuke588/pcdiff-implant/benchmarking/runs/stage1_ablation/SkullBreak/ddim-steps50-ens5/stage1/syn/parietotemporal105_surf/input.npy,/mnt/data/home/mamuke588/pcdiff-implant/benchmarking/runs/stage1_ablation/SkullBreak/ddim-steps50-ens5/stage1/syn/parietotemporal105_surf/sample.npy,/mnt/data/home/mamuke588/pcdiff-implant/benchmarking/runs/stage1_ablation/SkullBreak/ddim-steps50-ens5/stage1/syn/parietotemporal105_surf/shift.npy,/mnt/data/home/mamuke588/pcdiff-implant/benchmarking/runs/stage1_ablation/SkullBreak/ddim-steps50-ens5/stage1/syn/parietotemporal105_surf/scale.npy,5,37.0932,7754.15
parietotemporal110_surf,/mnt/data/home/mamuke588/pcdiff-implant/benchmarking/runs/stage1_ablation/SkullBreak/ddim-steps50-ens5/stage1/syn/parietotemporal110_surf,/mnt/data/home/mamuke588/pcdiff-implant/benchmarking/runs/stage1_ablation/SkullBreak/ddim-steps50-ens5/stage1/syn/parietotemporal110_surf/input.npy,/mnt/data/home/mamuke588/pcdiff-implant/benchmarking/runs/stage1_ablation/SkullBreak/ddim-steps50-ens5/stage1/syn/parietotemporal110_surf/sample.npy,/mnt/data/home/mamuke588/pcdiff-implant/benchmarking/runs/stage1_ablation/SkullBreak/ddim-steps50-ens5/stage1/syn/parietotemporal110_surf/shift.npy,/mnt/data/home/mamuke588/pcdiff-implant/benchmarking/runs/stage1_ablation/SkullBreak/ddim-steps50-ens5/stage1/syn/parietotemporal110_surf/scale.npy,5,37.0349,7754.15
parietotemporal111_surf,/mnt/data/home/mamuke588/pcdiff-implant/benchmarking/runs/stage1_ablation/SkullBreak/ddim-steps50-ens5/stage1/syn/parietotemporal111_surf,/mnt/data/home/mamuke588/pcdiff-implant/benchmarking/runs/stage1_ablation/SkullBreak/ddim-steps50-ens5/stage1/syn/parietotemporal111_surf/input.npy,/mnt/data/home/mamuke588/pcdiff-implant/benchmarking/runs/stage1_ablation/SkullBreak/ddim-steps50-ens5/stage1/syn/parietotemporal111_surf/sample.npy,/mnt/data/home/mamuke588/pcdiff-implant/benchmarking/runs/stage1_ablation/SkullBreak/ddim-steps50-ens5/stage1/syn/parietotemporal111_surf/shift.npy,/mnt/data/home/mamuke588/pcdiff-implant/benchmarking/runs/stage1_ablation/SkullBreak/ddim-steps50-ens5/stage1/syn/parietotemporal111_surf/scale.npy,5,36.988,7754.15
random_1003_surf,/mnt/data/home/mamuke588/pcdiff-implant/benchmarking/runs/stage1_ablation/SkullBreak/ddim-steps50-ens5/stage1/syn/random_1003_surf,/mnt/data/home/mamuke588/pcdiff-implant/benchmarking/runs/stage1_ablation/SkullBreak/ddim-steps50-ens5/stage1/syn/random_1003_surf/input.npy,/mnt/data/home/mamuke588/pcdiff-implant/benchmarking/runs/stage1_ablation/SkullBreak/ddim-steps50-ens5/stage1/syn/random_1003_surf/sample.npy,/mnt/data/home/mamuke588/pcdiff-implant/benchmarking/runs/stage1_ablation/SkullBreak/ddim-steps50-ens5/stage1/syn/random_1003_surf/shift.npy,/mnt/data/home/mamuke588/pcdiff-implant/benchmarking/runs/stage1_ablation/SkullBreak/ddim-steps50-ens5/stage1/syn/random_1003_surf/scale.npy,5,37.0605,7754.15
random_1004_surf,/mnt/data/home/mamuke588/pcdiff-implant/benchmarking/runs/stage1_ablation/SkullBreak/ddim-steps50-ens5/stage1/syn/random_1004_surf,/mnt/data/home/mamuke588/pcdiff-implant/benchmarking/runs/stage1_ablation/SkullBreak/ddim-steps50-ens5/stage1/syn/random_1004_surf/input.npy,/mnt/data/home/mamuke588/pcdiff-implant/benchmarking/runs/stage1_ablation/SkullBreak/ddim-steps50-ens5/stage1/syn/random_1004_surf/sample.npy,/mnt/data/home/mamuke588/pcdiff-implant/benchmarking/runs/stage1_ablation/SkullBreak/ddim-steps50-ens5/stage1/syn/random_1004_surf/shift.npy,/mnt/data/home/mamuke588/pcdiff-implant/benchmarking/runs/stage1_ablation/SkullBreak/ddim-steps50-ens5/stage1/syn/random_1004_surf/scale.npy,5,36.9526,7754.15
random_1011_surf,/mnt/data/home/mamuke588/pcdiff-implant/benchmarking/runs/stage1_ablation/SkullBreak/ddim-steps50-ens5/stage1/syn/random_1011_surf,/mnt/data/home/mamuke588/pcdiff-implant/benchmarking/runs/stage1_ablation/SkullBreak/ddim-steps50-ens5/stage1/syn/random_1011_surf/input.npy,/mnt/data/home/mamuke588/pcdiff-implant/benchmarking/runs/stage1_ablation/SkullBreak/ddim-steps50-ens5/stage1/syn/random_1011_surf/sample.npy,/mnt/data/home/mamuke588/pcdiff-implant/benchmarking/runs/stage1_ablation/SkullBreak/ddim-steps50-ens5/stage1/syn/random_1011_surf/shift.npy,/mnt/data/home/mamuke588/pcdiff-implant/benchmarking/runs/stage1_ablation/SkullBreak/ddim-steps50-ens5/stage1/syn/random_1011_surf/scale.npy,5,36.9814,7754.15
random_1013_surf,/mnt/data/home/mamuke588/pcdiff-implant/benchmarking/runs/stage1_ablation/SkullBreak/ddim-steps50-ens5/stage1/syn/random_1013_surf,/mnt/data/home/mamuke588/pcdiff-implant/benchmarking/runs/stage1_ablation/SkullBreak/ddim-steps50-ens5/stage1/syn/random_1013_surf/input.npy,/mnt/data/home/mamuke588/pcdiff-implant/benchmarking/runs/stage1_ablation/SkullBreak/ddim-steps50-ens5/stage1/syn/random_1013_surf/sample.npy,/mnt/data/home/mamuke588/pcdiff-implant/benchmarking/runs/stage1_ablation/SkullBreak/ddim-steps50-ens5/stage1/syn/random_1013_surf/shift.npy,/mnt/data/home/mamuke588/pcdiff-implant/benchmarking/runs/stage1_ablation/SkullBreak/ddim-steps50-ens5/stage1/syn/random_1013_surf/scale.npy,5,36.9227,7754.15
random_1014_surf,/mnt/data/home/mamuke588/pcdiff-implant/benchmarking/runs/stage1_ablation/SkullBreak/ddim-steps50-ens5/stage1/syn/random_1014_surf,/mnt/data/home/mamuke588/pcdiff-implant/benchmarking/runs/stage1_ablation/SkullBreak/ddim-steps50-ens5/stage1/syn/random_1014_surf/input.npy,/mnt/data/home/mamuke588/pcdiff-implant/benchmarking/runs/stage1_ablation/SkullBreak/ddim-steps50-ens5/stage1/syn/random_1014_surf/sample.npy,/mnt/data/home/mamuke588/pcdiff-implant/benchmarking/runs/stage1_ablation/SkullBreak/ddim-steps50-ens5/stage1/syn/random_1014_surf/shift.npy,/mnt/data/home/mamuke588/pcdiff-implant/benchmarking/runs/stage1_ablation/SkullBreak/ddim-steps50-ens5/stage1/syn/random_1014_surf/scale.npy,5,37.0197,7754.15
random_1017_surf,/mnt/data/home/mamuke588/pcdiff-implant/benchmarking/runs/stage1_ablation/SkullBreak/ddim-steps50-ens5/stage1/syn/random_1017_surf,/mnt/data/home/mamuke588/pcdiff-implant/benchmarking/runs/stage1_ablation/SkullBreak/ddim-steps50-ens5/stage1/syn/random_1017_surf/input.npy,/mnt/data/home/mamuke588/pcdiff-implant/benchmarking/runs/stage1_ablation/SkullBreak/ddim-steps50-ens5/stage1/syn/random_1017_surf/sample.npy,/mnt/data/home/mamuke588/pcdiff-implant/benchmarking/runs/stage1_ablation/SkullBreak/ddim-steps50-ens5/stage1/syn/random_1017_surf/shift.npy,/mnt/data/home/mamuke588/pcdiff-implant/benchmarking/runs/stage1_ablation/SkullBreak/ddim-steps50-ens5/stage1/syn/random_1017_surf/scale.npy,5,37.0502,7754.15
random_1027_surf,/mnt/data/home/mamuke588/pcdiff-implant/benchmarking/runs/stage1_ablation/SkullBreak/ddim-steps50-ens5/stage1/syn/random_1027_surf,/mnt/data/home/mamuke588/pcdiff-implant/benchmarking/runs/stage1_ablation/SkullBreak/ddim-steps50-ens5/stage1/syn/random_1027_surf/input.npy,/mnt/data/home/mamuke588/pcdiff-implant/benchmarking/runs/stage1_ablation/SkullBreak/ddim-steps50-ens5/stage1/syn/random_1027_surf/sample.npy,/mnt/data/home/mamuke588/pcdiff-implant/benchmarking/runs/stage1_ablation/SkullBreak/ddim-steps50-ens5/stage1/syn/random_1027_surf/shift.npy,/mnt/data/home/mamuke588/pcdiff-implant/benchmarking/runs/stage1_ablation/SkullBreak/ddim-steps50-ens5/stage1/syn/random_1027_surf/scale.npy,5,0.0,
random_1028_surf,/mnt/data/home/mamuke588/pcdiff-implant/benchmarking/runs/stage1_ablation/SkullBreak/ddim-steps50-ens5/stage1/syn/random_1028_surf,/mnt/data/home/mamuke588/pcdiff-implant/benchmarking/runs/stage1_ablation/SkullBreak/ddim-steps50-ens5/stage1/syn/random_1028_surf/input.npy,/mnt/data/home/mamuke588/pcdiff-implant/benchmarking/runs/stage1_ablation/SkullBreak/ddim-steps50-ens5/stage1/syn/random_1028_surf/sample.npy,/mnt/data/home/mamuke588/pcdiff-implant/benchmarking/runs/stage1_ablation/SkullBreak/ddim-steps50-ens5/stage1/syn/random_1028_surf/shift.npy,/mnt/data/home/mamuke588/pcdiff-implant/benchmarking/runs/stage1_ablation/SkullBreak/ddim-steps50-ens5/stage1/syn/random_1028_surf/scale.npy,5,37.0545,7754.15
random_1029_surf,/mnt/data/home/mamuke588/pcdiff-implant/benchmarking/runs/stage1_ablation/SkullBreak/ddim-steps50-ens5/stage1/syn/random_1029_surf,/mnt/data/home/mamuke588/pcdiff-implant/benchmarking/runs/stage1_ablation/SkullBreak/ddim-steps50-ens5/stage1/syn/random_1029_surf/input.npy,/mnt/data/home/mamuke588/pcdiff-implant/benchmarking/runs/stage1_ablation/SkullBreak/ddim-steps50-ens5/stage1/syn/random_1029_surf/sample.npy,/mnt/data/home/mamuke588/pcdiff-implant/benchmarking/runs/stage1_ablation/SkullBreak/ddim-steps50-ens5/stage1/syn/random_1029_surf/shift.npy,/mnt/data/home/mamuke588/pcdiff-implant/benchmarking/runs/stage1_ablation/SkullBreak/ddim-steps50-ens5/stage1/syn/random_1029_surf/scale.npy,5,0.0,
random_1031_surf,/mnt/data/home/mamuke588/pcdiff-implant/benchmarking/runs/stage1_ablation/SkullBreak/ddim-steps50-ens5/stage1/syn/random_1031_surf,/mnt/data/home/mamuke588/pcdiff-implant/benchmarking/runs/stage1_ablation/SkullBreak/ddim-steps50-ens5/stage1/syn/random_1031_surf/input.npy,/mnt/data/home/mamuke588/pcdiff-implant/benchmarking/runs/stage1_ablation/SkullBreak/ddim-steps50-ens5/stage1/syn/random_1031_surf/sample.npy,/mnt/data/home/mamuke588/pcdiff-implant/benchmarking/runs/stage1_ablation/SkullBreak/ddim-steps50-ens5/stage1/syn/random_1031_surf/shift.npy,/mnt/data/home/mamuke588/pcdiff-implant/benchmarking/runs/stage1_ablation/SkullBreak/ddim-steps50-ens5/stage1/syn/random_1031_surf/scale.npy,5,37.0876,7754.15
random_1035_surf,/mnt/data/home/mamuke588/pcdiff-implant/benchmarking/runs/stage1_ablation/SkullBreak/ddim-steps50-ens5/stage1/syn/random_1035_surf,/mnt/data/home/mamuke588/pcdiff-implant/benchmarking/runs/stage1_ablation/SkullBreak/ddim-steps50-ens5/stage1/syn/random_1035_surf/input.npy,/mnt/data/home/mamuke588/pcdiff-implant/benchmarking/runs/stage1_ablation/SkullBreak/ddim-steps50-ens5/stage1/syn/random_1035_surf/sample.npy,/mnt/data/home/mamuke588/pcdiff-implant/benchmarking/runs/stage1_ablation/SkullBreak/ddim-steps50-ens5/stage1/syn/random_1035_surf/shift.npy,/mnt/data/home/mamuke588/pcdiff-implant/benchmarking/runs/stage1_ablation/SkullBreak/ddim-steps50-ens5/stage1/syn/random_1035_surf/scale.npy,5,36.9545,7754.15
random_1054_surf,/mnt/data/home/mamuke588/pcdiff-implant/benchmarking/runs/stage1_ablation/SkullBreak/ddim-steps50-ens5/stage1/syn/random_1054_surf,/mnt/data/home/mamuke588/pcdiff-implant/benchmarking/runs/stage1_ablation/SkullBreak/ddim-steps50-ens5/stage1/syn/random_1054_surf/input.npy,/mnt/data/home/mamuke588/pcdiff-implant/benchmarking/runs/stage1_ablation/SkullBreak/ddim-steps50-ens5/stage1/syn/random_1054_surf/sample.npy,/mnt/data/home/mamuke588/pcdiff-implant/benchmarking/runs/stage1_ablation/SkullBreak/ddim-steps50-ens5/stage1/syn/random_1054_surf/shift.npy,/mnt/data/home/mamuke588/pcdiff-implant/benchmarking/runs/stage1_ablation/SkullBreak/ddim-steps50-ens5/stage1/syn/random_1054_surf/scale.npy,5,37.0645,7754.15
random_1064_surf,/mnt/data/home/mamuke588/pcdiff-implant/benchmarking/runs/stage1_ablation/SkullBreak/ddim-steps50-ens5/stage1/syn/random_1064_surf,/mnt/data/home/mamuke588/pcdiff-implant/benchmarking/runs/stage1_ablation/SkullBreak/ddim-steps50-ens5/stage1/syn/random_1064_surf/input.npy,/mnt/data/home/mamuke588/pcdiff-implant/benchmarking/runs/stage1_ablation/SkullBreak/ddim-steps50-ens5/stage1/syn/random_1064_surf/sample.npy,/mnt/data/home/mamuke588/pcdiff-implant/benchmarking/runs/stage1_ablation/SkullBreak/ddim-steps50-ens5/stage1/syn/random_1064_surf/shift.npy,/mnt/data/home/mamuke588/pcdiff-implant/benchmarking/runs/stage1_ablation/SkullBreak/ddim-steps50-ens5/stage1/syn/random_1064_surf/scale.npy,5,0.0,
random_1069_surf,/mnt/data/home/mamuke588/pcdiff-implant/benchmarking/runs/stage1_ablation/SkullBreak/ddim-steps50-ens5/stage1/syn/random_1069_surf,/mnt/data/home/mamuke588/pcdiff-implant/benchmarking/runs/stage1_ablation/SkullBreak/ddim-steps50-ens5/stage1/syn/random_1069_surf/input.npy,/mnt/data/home/mamuke588/pcdiff-implant/benchmarking/runs/stage1_ablation/SkullBreak/ddim-steps50-ens5/stage1/syn/random_1069_surf/sample.npy,/mnt/data/home/mamuke588/pcdiff-implant/benchmarking/runs/stage1_ablation/SkullBreak/ddim-steps50-ens5/stage1/syn/random_1069_surf/shift.npy,/mnt/data/home/mamuke588/pcdiff-implant/benchmarking/runs/stage1_ablation/SkullBreak/ddim-steps50-ens5/stage1/syn/random_1069_surf/scale.npy,5,37.0187,7754.15
random_1075_surf,/mnt/data/home/mamuke588/pcdiff-implant/benchmarking/runs/stage1_ablation/SkullBreak/ddim-steps50-ens5/stage1/syn/random_1075_surf,/mnt/data/home/mamuke588/pcdiff-implant/benchmarking/runs/stage1_ablation/SkullBreak/ddim-steps50-ens5/stage1/syn/random_1075_surf/input.npy,/mnt/data/home/mamuke588/pcdiff-implant/benchmarking/runs/stage1_ablation/SkullBreak/ddim-steps50-ens5/stage1/syn/random_1075_surf/sample.npy,/mnt/data/home/mamuke588/pcdiff-implant/benchmarking/runs/stage1_ablation/SkullBreak/ddim-steps50-ens5/stage1/syn/random_1075_surf/shift.npy,/mnt/data/home/mamuke588/pcdiff-implant/benchmarking/runs/stage1_ablation/SkullBreak/ddim-steps50-ens5/stage1/syn/random_1075_surf/scale.npy,5,36.9511,7754.15
random_1077_surf,/mnt/data/home/mamuke588/pcdiff-implant/benchmarking/runs/stage1_ablation/SkullBreak/ddim-steps50-ens5/stage1/syn/random_1077_surf,/mnt/data/home/mamuke588/pcdiff-implant/benchmarking/runs/stage1_ablation/SkullBreak/ddim-steps50-ens5/stage1/syn/random_1077_surf/input.npy,/mnt/data/home/mamuke588/pcdiff-implant/benchmarking/runs/stage1_ablation/SkullBreak/ddim-steps50-ens5/stage1/syn/random_1077_surf/sample.npy,/mnt/data/home/mamuke588/pcdiff-implant/benchmarking/runs/stage1_ablation/SkullBreak/ddim-steps50-ens5/stage1/syn/random_1077_surf/shift.npy,/mnt/data/home/mamuke588/pcdiff-implant/benchmarking/runs/stage1_ablation/SkullBreak/ddim-steps50-ens5/stage1/syn/random_1077_surf/scale.npy,5,0.0,
random_1081_surf,/mnt/data/home/mamuke588/pcdiff-implant/benchmarking/runs/stage1_ablation/SkullBreak/ddim-steps50-ens5/stage1/syn/random_1081_surf,/mnt/data/home/mamuke588/pcdiff-implant/benchmarking/runs/stage1_ablation/SkullBreak/ddim-steps50-ens5/stage1/syn/random_1081_surf/input.npy,/mnt/data/home/mamuke588/pcdiff-implant/benchmarking/runs/stage1_ablation/SkullBreak/ddim-steps50-ens5/stage1/syn/random_1081_surf/sample.npy,/mnt/data/home/mamuke588/pcdiff-implant/benchmarking/runs/stage1_ablation/SkullBreak/ddim-steps50-ens5/stage1/syn/random_1081_surf/shift.npy,/mnt/data/home/mamuke588/pcdiff-implant/benchmarking/runs/stage1_ablation/SkullBreak/ddim-steps50-ens5/stage1/syn/random_1081_surf/scale.npy,5,37.0679,7754.15
random_1086_surf,/mnt/data/home/mamuke588/pcdiff-implant/benchmarking/runs/stage1_ablation/SkullBreak/ddim-steps50-ens5/stage1/syn/random_1086_surf,/mnt/data/home/mamuke588/pcdiff-implant/benchmarking/runs/stage1_ablation/SkullBreak/ddim-steps50-ens5/stage1/syn/random_1086_surf/input.npy,/mnt/data/home/mamuke588/pcdiff-implant/benchmarking/runs/stage1_ablation/SkullBreak/ddim-steps50-ens5/stage1/syn/random_1086_surf/sample.npy,/mnt/data/home/mamuke588/pcdiff-implant/benchmarking/runs/stage1_ablation/SkullBreak/ddim-steps50-ens5/stage1/syn/random_1086_surf/shift.npy,/mnt/data/home/mamuke588/pcdiff-implant/benchmarking/runs/stage1_ablation/SkullBreak/ddim-steps50-ens5/stage1/syn/random_1086_surf/scale.npy,5,37.0027,7754.15
random_1094_surf,/mnt/data/home/mamuke588/pcdiff-implant/benchmarking/runs/stage1_ablation/SkullBreak/ddim-steps50-ens5/stage1/syn/random_1094_surf,/mnt/data/home/mamuke588/pcdiff-implant/benchmarking/runs/stage1_ablation/SkullBreak/ddim-steps50-ens5/stage1/syn/random_1094_surf/input.npy,/mnt/data/home/mamuke588/pcdiff-implant/benchmarking/runs/stage1_ablation/SkullBreak/ddim-steps50-ens5/stage1/syn/random_1094_surf/sample.npy,/mnt/data/home/mamuke588/pcdiff-implant/benchmarking/runs/stage1_ablation/SkullBreak/ddim-steps50-ens5/stage1/syn/random_1094_surf/shift.npy,/mnt/data/home/mamuke588/pcdiff-implant/benchmarking/runs/stage1_ablation/SkullBreak/ddim-steps50-ens5/stage1/syn/random_1094_surf/scale.npy,5,37.0551,7754.15
random_1100_surf,/mnt/data/home/mamuke588/pcdiff-implant/benchmarking/runs/stage1_ablation/SkullBreak/ddim-steps50-ens5/stage1/syn/random_1100_surf,/mnt/data/home/mamuke588/pcdiff-implant/benchmarking/runs/stage1_ablation/SkullBreak/ddim-steps50-ens5/stage1/syn/random_1100_surf/input.npy,/mnt/data/home/mamuke588/pcdiff-implant/benchmarking/runs/stage1_ablation/SkullBreak/ddim-steps50-ens5/stage1/syn/random_1100_surf/sample.npy,/mnt/data/home/mamuke588/pcdiff-implant/benchmarking/runs/stage1_ablation/SkullBreak/ddim-steps50-ens5/stage1/syn/random_1100_surf/shift.npy,/mnt/data/home/mamuke588/pcdiff-implant/benchmarking/runs/stage1_ablation/SkullBreak/ddim-steps50-ens5/stage1/syn/random_1100_surf/scale.npy,5,36.9764,7754.15
random_1105_surf,/mnt/data/home/mamuke588/pcdiff-implant/benchmarking/runs/stage1_ablation/SkullBreak/ddim-steps50-ens5/stage1/syn/random_1105_surf,/mnt/data/home/mamuke588/pcdiff-implant/benchmarking/runs/stage1_ablation/SkullBreak/ddim-steps50-ens5/stage1/syn/random_1105_surf/input.npy,/mnt/data/home/mamuke588/pcdiff-implant/benchmarking/runs/stage1_ablation/SkullBreak/ddim-steps50-ens5/stage1/syn/random_1105_surf/sample.npy,/mnt/data/home/mamuke588/pcdiff-implant/benchmarking/runs/stage1_ablation/SkullBreak/ddim-steps50-ens5/stage1/syn/random_1105_surf/shift.npy,/mnt/data/home/mamuke588/pcdiff-implant/benchmarking/runs/stage1_ablation/SkullBreak/ddim-steps50-ens5/stage1/syn/random_1105_surf/scale.npy,5,37.0722,7754.15
random_1110_surf,/mnt/data/home/mamuke588/pcdiff-implant/benchmarking/runs/stage1_ablation/SkullBreak/ddim-steps50-ens5/stage1/syn/random_1110_surf,/mnt/data/home/mamuke588/pcdiff-implant/benchmarking/runs/stage1_ablation/SkullBreak/ddim-steps50-ens5/stage1/syn/random_1110_surf/input.npy,/mnt/data/home/mamuke588/pcdiff-implant/benchmarking/runs/stage1_ablation/SkullBreak/ddim-steps50-ens5/stage1/syn/random_1110_surf/sample.npy,/mnt/data/home/mamuke588/pcdiff-implant/benchmarking/runs/stage1_ablation/SkullBreak/ddim-steps50-ens5/stage1/syn/random_1110_surf/shift.npy,/mnt/data/home/mamuke588/pcdiff-implant/benchmarking/runs/stage1_ablation/SkullBreak/ddim-steps50-ens5/stage1/syn/random_1110_surf/scale.npy,5,37.0564,7754.15
random_1111_surf,/mnt/data/home/mamuke588/pcdiff-implant/benchmarking/runs/stage1_ablation/SkullBreak/ddim-steps50-ens5/stage1/syn/random_1111_surf,/mnt/data/home/mamuke588/pcdiff-implant/benchmarking/runs/stage1_ablation/SkullBreak/ddim-steps50-ens5/stage1/syn/random_1111_surf/input.npy,/mnt/data/home/mamuke588/pcdiff-implant/benchmarking/runs/stage1_ablation/SkullBreak/ddim-steps50-ens5/stage1/syn/random_1111_surf/sample.npy,/mnt/data/home/mamuke588/pcdiff-implant/benchmarking/runs/stage1_ablation/SkullBreak/ddim-steps50-ens5/stage1/syn/random_1111_surf/shift.npy,/mnt/data/home/mamuke588/pcdiff-implant/benchmarking/runs/stage1_ablation/SkullBreak/ddim-steps50-ens5/stage1/syn/random_1111_surf/scale.npy,5,37.0424,7754.15
random_2003_surf,/mnt/data/home/mamuke588/pcdiff-implant/benchmarking/runs/stage1_ablation/SkullBreak/ddim-steps50-ens5/stage1/syn/random_2003_surf,/mnt/data/home/mamuke588/pcdiff-implant/benchmarking/runs/stage1_ablation/SkullBreak/ddim-steps50-ens5/stage1/syn/random_2003_surf/input.npy,/mnt/data/home/mamuke588/pcdiff-implant/benchmarking/runs/stage1_ablation/SkullBreak/ddim-steps50-ens5/stage1/syn/random_2003_surf/sample.npy,/mnt/data/home/mamuke588/pcdiff-implant/benchmarking/runs/stage1_ablation/SkullBreak/ddim-steps50-ens5/stage1/syn/random_2003_surf/shift.npy,/mnt/data/home/mamuke588/pcdiff-implant/benchmarking/runs/stage1_ablation/SkullBreak/ddim-steps50-ens5/stage1/syn/random_2003_surf/scale.npy,5,37.0579,7754.15
random_2004_surf,/mnt/data/home/mamuke588/pcdiff-implant/benchmarking/runs/stage1_ablation/SkullBreak/ddim-steps50-ens5/stage1/syn/random_2004_surf,/mnt/data/home/mamuke588/pcdiff-implant/benchmarking/runs/stage1_ablation/SkullBreak/ddim-steps50-ens5/stage1/syn/random_2004_surf/input.npy,/mnt/data/home/mamuke588/pcdiff-implant/benchmarking/runs/stage1_ablation/SkullBreak/ddim-steps50-ens5/stage1/syn/random_2004_surf/sample.npy,/mnt/data/home/mamuke588/pcdiff-implant/benchmarking/runs/stage1_ablation/SkullBreak/ddim-steps50-ens5/stage1/syn/random_2004_surf/shift.npy,/mnt/data/home/mamuke588/pcdiff-implant/benchmarking/runs/stage1_ablation/SkullBreak/ddim-steps50-ens5/stage1/syn/random_2004_surf/scale.npy,5,37.0152,7754.15
random_2011_surf,/mnt/data/home/mamuke588/pcdiff-implant/benchmarking/runs/stage1_ablation/SkullBreak/ddim-steps50-ens5/stage1/syn/random_2011_surf,/mnt/data/home/mamuke588/pcdiff-implant/benchmarking/runs/stage1_ablation/SkullBreak/ddim-steps50-ens5/stage1/syn/random_2011_surf/input.npy,/mnt/data/home/mamuke588/pcdiff-implant/benchmarking/runs/stage1_ablation/SkullBreak/ddim-steps50-ens5/stage1/syn/random_2011_surf/sample.npy,/mnt/data/home/mamuke588/pcdiff-implant/benchmarking/runs/stage1_ablation/SkullBreak/ddim-steps50-ens5/stage1/syn/random_2011_surf/shift.npy,/mnt/data/home/mamuke588/pcdiff-implant/benchmarking/runs/stage1_ablation/SkullBreak/ddim-steps50-ens5/stage1/syn/random_2011_surf/scale.npy,5,36.9772,7754.15
random_2013_surf,/mnt/data/home/mamuke588/pcdiff-implant/benchmarking/runs/stage1_ablation/SkullBreak/ddim-steps50-ens5/stage1/syn/random_2013_surf,/mnt/data/home/mamuke588/pcdiff-implant/benchmarking/runs/stage1_ablation/SkullBreak/ddim-steps50-ens5/stage1/syn/random_2013_surf/input.npy,/mnt/data/home/mamuke588/pcdiff-implant/benchmarking/runs/stage1_ablation/SkullBreak/ddim-steps50-ens5/stage1/syn/random_2013_surf/sample.npy,/mnt/data/home/mamuke588/pcdiff-implant/benchmarking/runs/stage1_ablation/SkullBreak/ddim-steps50-ens5/stage1/syn/random_2013_surf/shift.npy,/mnt/data/home/mamuke588/pcdiff-implant/benchmarking/runs/stage1_ablation/SkullBreak/ddim-steps50-ens5/stage1/syn/random_2013_surf/scale.npy,5,36.9272,7754.15
random_2014_surf,/mnt/data/home/mamuke588/pcdiff-implant/benchmarking/runs/stage1_ablation/SkullBreak/ddim-steps50-ens5/stage1/syn/random_2014_surf,/mnt/data/home/mamuke588/pcdiff-implant/benchmarking/runs/stage1_ablation/SkullBreak/ddim-steps50-ens5/stage1/syn/random_2014_surf/input.npy,/mnt/data/home/mamuke588/pcdiff-implant/benchmarking/runs/stage1_ablation/SkullBreak/ddim-steps50-ens5/stage1/syn/random_2014_surf/sample.npy,/mnt/data/home/mamuke588/pcdiff-implant/benchmarking/runs/stage1_ablation/SkullBreak/ddim-steps50-ens5/stage1/syn/random_2014_surf/shift.npy,/mnt/data/home/mamuke588/pcdiff-implant/benchmarking/runs/stage1_ablation/SkullBreak/ddim-steps50-ens5/stage1/syn/random_2014_surf/scale.npy,5,36.9318,7754.15
random_2017_surf,/mnt/data/home/mamuke588/pcdiff-implant/benchmarking/runs/stage1_ablation/SkullBreak/ddim-steps50-ens5/stage1/syn/random_2017_surf,/mnt/data/home/mamuke588/pcdiff-implant/benchmarking/runs/stage1_ablation/SkullBreak/ddim-steps50-ens5/stage1/syn/random_2017_surf/input.npy,/mnt/data/home/mamuke588/pcdiff-implant/benchmarking/runs/stage1_ablation/SkullBreak/ddim-steps50-ens5/stage1/syn/random_2017_surf/sample.npy,/mnt/data/home/mamuke588/pcdiff-implant/benchmarking/runs/stage1_ablation/SkullBreak/ddim-steps50-ens5/stage1/syn/random_2017_surf/shift.npy,/mnt/data/home/mamuke588/pcdiff-implant/benchmarking/runs/stage1_ablation/SkullBreak/ddim-steps50-ens5/stage1/syn/random_2017_surf/scale.npy,5,37.0223,7754.15
random_2027_surf,/mnt/data/home/mamuke588/pcdiff-implant/benchmarking/runs/stage1_ablation/SkullBreak/ddim-steps50-ens5/stage1/syn/random_2027_surf,/mnt/data/home/mamuke588/pcdiff-implant/benchmarking/runs/stage1_ablation/SkullBreak/ddim-steps50-ens5/stage1/syn/random_2027_surf/input.npy,/mnt/data/home/mamuke588/pcdiff-implant/benchmarking/runs/stage1_ablation/SkullBreak/ddim-steps50-ens5/stage1/syn/random_2027_surf/sample.npy,/mnt/data/home/mamuke588/pcdiff-implant/benchmarking/runs/stage1_ablation/SkullBreak/ddim-steps50-ens5/stage1/syn/random_2027_surf/shift.npy,/mnt/data/home/mamuke588/pcdiff-implant/benchmarking/runs/stage1_ablation/SkullBreak/ddim-steps50-ens5/stage1/syn/random_2027_surf/scale.npy,5,0.0,
random_2028_surf,/mnt/data/home/mamuke588/pcdiff-implant/benchmarking/runs/stage1_ablation/SkullBreak/ddim-steps50-ens5/stage1/syn/random_2028_surf,/mnt/data/home/mamuke588/pcdiff-implant/benchmarking/runs/stage1_ablation/SkullBreak/ddim-steps50-ens5/stage1/syn/random_2028_surf/input.npy,/mnt/data/home/mamuke588/pcdiff-implant/benchmarking/runs/stage1_ablation/SkullBreak/ddim-steps50-ens5/stage1/syn/random_2028_surf/sample.npy,/mnt/data/home/mamuke588/pcdiff-implant/benchmarking/runs/stage1_ablation/SkullBreak/ddim-steps50-ens5/stage1/syn/random_2028_surf/shift.npy,/mnt/data/home/mamuke588/pcdiff-implant/benchmarking/runs/stage1_ablation/SkullBreak/ddim-steps50-ens5/stage1/syn/random_2028_surf/scale.npy,5,37.0565,7754.15
random_2029_surf,/mnt/data/home/mamuke588/pcdiff-implant/benchmarking/runs/stage1_ablation/SkullBreak/ddim-steps50-ens5/stage1/syn/random_2029_surf,/mnt/data/home/mamuke588/pcdiff-implant/benchmarking/runs/stage1_ablation/SkullBreak/ddim-steps50-ens5/stage1/syn/random_2029_surf/input.npy,/mnt/data/home/mamuke588/pcdiff-implant/benchmarking/runs/stage1_ablation/SkullBreak/ddim-steps50-ens5/stage1/syn/random_2029_surf/sample.npy,/mnt/data/home/mamuke588/pcdiff-implant/benchmarking/runs/stage1_ablation/SkullBreak/ddim-steps50-ens5/stage1/syn/random_2029_surf/shift.npy,/mnt/data/home/mamuke588/pcdiff-implant/benchmarking/runs/stage1_ablation/SkullBreak/ddim-steps50-ens5/stage1/syn/random_2029_surf/scale.npy,5,0.0,
random_2031_surf,/mnt/data/home/mamuke588/pcdiff-implant/benchmarking/runs/stage1_ablation/SkullBreak/ddim-steps50-ens5/stage1/syn/random_2031_surf,/mnt/data/home/mamuke588/pcdiff-implant/benchmarking/runs/stage1_ablation/SkullBreak/ddim-steps50-ens5/stage1/syn/random_2031_surf/input.npy,/mnt/data/home/mamuke588/pcdiff-implant/benchmarking/runs/stage1_ablation/SkullBreak/ddim-steps50-ens5/stage1/syn/random_2031_surf/sample.npy,/mnt/data/home/mamuke588/pcdiff-implant/benchmarking/runs/stage1_ablation/SkullBreak/ddim-steps50-ens5/stage1/syn/random_2031_surf/shift.npy,/mnt/data/home/mamuke588/pcdiff-implant/benchmarking/runs/stage1_ablation/SkullBreak/ddim-steps50-ens5/stage1/syn/random_2031_surf/scale.npy,5,37.0542,7754.15
random_2035_surf,/mnt/data/home/mamuke588/pcdiff-implant/benchmarking/runs/stage1_ablation/SkullBreak/ddim-steps50-ens5/stage1/syn/random_2035_surf,/mnt/data/home/mamuke588/pcdiff-implant/benchmarking/runs/stage1_ablation/SkullBreak/ddim-steps50-ens5/stage1/syn/random_2035_surf/input.npy,/mnt/data/home/mamuke588/pcdiff-implant/benchmarking/runs/stage1_ablation/SkullBreak/ddim-steps50-ens5/stage1/syn/random_2035_surf/sample.npy,/mnt/data/home/mamuke588/pcdiff-implant/benchmarking/runs/stage1_ablation/SkullBreak/ddim-steps50-ens5/stage1/syn/random_2035_surf/shift.npy,/mnt/data/home/mamuke588/pcdiff-implant/benchmarking/runs/stage1_ablation/SkullBreak/ddim-steps50-ens5/stage1/syn/random_2035_surf/scale.npy,5,37.036,7754.15
random_2054_surf,/mnt/data/home/mamuke588/pcdiff-implant/benchmarking/runs/stage1_ablation/SkullBreak/ddim-steps50-ens5/stage1/syn/random_2054_surf,/mnt/data/home/mamuke588/pcdiff-implant/benchmarking/runs/stage1_ablation/SkullBreak/ddim-steps50-ens5/stage1/syn/random_2054_surf/input.npy,/mnt/data/home/mamuke588/pcdiff-implant/benchmarking/runs/stage1_ablation/SkullBreak/ddim-steps50-ens5/stage1/syn/random_2054_surf/sample.npy,/mnt/data/home/mamuke588/pcdiff-implant/benchmarking/runs/stage1_ablation/SkullBreak/ddim-steps50-ens5/stage1/syn/random_2054_surf/shift.npy,/mnt/data/home/mamuke588/pcdiff-implant/benchmarking/runs/stage1_ablation/SkullBreak/ddim-steps50-ens5/stage1/syn/random_2054_surf/scale.npy,5,36.963,7754.15
random_2064_surf,/mnt/data/home/mamuke588/pcdiff-implant/benchmarking/runs/stage1_ablation/SkullBreak/ddim-steps50-ens5/stage1/syn/random_2064_surf,/mnt/data/home/mamuke588/pcdiff-implant/benchmarking/runs/stage1_ablation/SkullBreak/ddim-steps50-ens5/stage1/syn/random_2064_surf/input.npy,/mnt/data/home/mamuke588/pcdiff-implant/benchmarking/runs/stage1_ablation/SkullBreak/ddim-steps50-ens5/stage1/syn/random_2064_surf/sample.npy,/mnt/data/home/mamuke588/pcdiff-implant/benchmarking/runs/stage1_ablation/SkullBreak/ddim-steps50-ens5/stage1/syn/random_2064_surf/shift.npy,/mnt/data/home/mamuke588/pcdiff-implant/benchmarking/runs/stage1_ablation/SkullBreak/ddim-steps50-ens5/stage1/syn/random_2064_surf/scale.npy,5,0.0,
random_2069_surf,/mnt/data/home/mamuke588/pcdiff-implant/benchmarking/runs/stage1_ablation/SkullBreak/ddim-steps50-ens5/stage1/syn/random_2069_surf,/mnt/data/home/mamuke588/pcdiff-implant/benchmarking/runs/stage1_ablation/SkullBreak/ddim-steps50-ens5/stage1/syn/random_2069_surf/input.npy,/mnt/data/home/mamuke588/pcdiff-implant/benchmarking/runs/stage1_ablation/SkullBreak/ddim-steps50-ens5/stage1/syn/random_2069_surf/sample.npy,/mnt/data/home/mamuke588/pcdiff-implant/benchmarking/runs/stage1_ablation/SkullBreak/ddim-steps50-ens5/stage1/syn/random_2069_surf/shift.npy,/mnt/data/home/mamuke588/pcdiff-implant/benchmarking/runs/stage1_ablation/SkullBreak/ddim-steps50-ens5/stage1/syn/random_2069_surf/scale.npy,5,36.9492,7754.15
random_2075_surf,/mnt/data/home/mamuke588/pcdiff-implant/benchmarking/runs/stage1_ablation/SkullBreak/ddim-steps50-ens5/stage1/syn/random_2075_surf,/mnt/data/home/mamuke588/pcdiff-implant/benchmarking/runs/stage1_ablation/SkullBreak/ddim-steps50-ens5/stage1/syn/random_2075_surf/input.npy,/mnt/data/home/mamuke588/pcdiff-implant/benchmarking/runs/stage1_ablation/SkullBreak/ddim-steps50-ens5/stage1/syn/random_2075_surf/sample.npy,/mnt/data/home/mamuke588/pcdiff-implant/benchmarking/runs/stage1_ablation/SkullBreak/ddim-steps50-ens5/stage1/syn/random_2075_surf/shift.npy,/mnt/data/home/mamuke588/pcdiff-implant/benchmarking/runs/stage1_ablation/SkullBreak/ddim-steps50-ens5/stage1/syn/random_2075_surf/scale.npy,5,36.8879,7754.15
random_2077_surf,/mnt/data/home/mamuke588/pcdiff-implant/benchmarking/runs/stage1_ablation/SkullBreak/ddim-steps50-ens5/stage1/syn/random_2077_surf,/mnt/data/home/mamuke588/pcdiff-implant/benchmarking/runs/stage1_ablation/SkullBreak/ddim-steps50-ens5/stage1/syn/random_2077_surf/input.npy,/mnt/data/home/mamuke588/pcdiff-implant/benchmarking/runs/stage1_ablation/SkullBreak/ddim-steps50-ens5/stage1/syn/random_2077_surf/sample.npy,/mnt/data/home/mamuke588/pcdiff-implant/benchmarking/runs/stage1_ablation/SkullBreak/ddim-steps50-ens5/stage1/syn/random_2077_surf/shift.npy,/mnt/data/home/mamuke588/pcdiff-implant/benchmarking/runs/stage1_ablation/SkullBreak/ddim-steps50-ens5/stage1/syn/random_2077_surf/scale.npy,5,0.0,
random_2081_surf,/mnt/data/home/mamuke588/pcdiff-implant/benchmarking/runs/stage1_ablation/SkullBreak/ddim-steps50-ens5/stage1/syn/random_2081_surf,/mnt/data/home/mamuke588/pcdiff-implant/benchmarking/runs/stage1_ablation/SkullBreak/ddim-steps50-ens5/stage1/syn/random_2081_surf/input.npy,/mnt/data/home/mamuke588/pcdiff-implant/benchmarking/runs/stage1_ablation/SkullBreak/ddim-steps50-ens5/stage1/syn/random_2081_surf/sample.npy,/mnt/data/home/mamuke588/pcdiff-implant/benchmarking/runs/stage1_ablation/SkullBreak/ddim-steps50-ens5/stage1/syn/random_2081_surf/shift.npy,/mnt/data/home/mamuke588/pcdiff-implant/benchmarking/runs/stage1_ablation/SkullBreak/ddim-steps50-ens5/stage1/syn/random_2081_surf/scale.npy,5,37.0883,7754.15
random_2086_surf,/mnt/data/home/mamuke588/pcdiff-implant/benchmarking/runs/stage1_ablation/SkullBreak/ddim-steps50-ens5/stage1/syn/random_2086_surf,/mnt/data/home/mamuke588/pcdiff-implant/benchmarking/runs/stage1_ablation/SkullBreak/ddim-steps50-ens5/stage1/syn/random_2086_surf/input.npy,/mnt/data/home/mamuke588/pcdiff-implant/benchmarking/runs/stage1_ablation/SkullBreak/ddim-steps50-ens5/stage1/syn/random_2086_surf/sample.npy,/mnt/data/home/mamuke588/pcdiff-implant/benchmarking/runs/stage1_ablation/SkullBreak/ddim-steps50-ens5/stage1/syn/random_2086_surf/shift.npy,/mnt/data/home/mamuke588/pcdiff-implant/benchmarking/runs/stage1_ablation/SkullBreak/ddim-steps50-ens5/stage1/syn/random_2086_surf/scale.npy,5,37.0398,7754.15
random_2094_surf,/mnt/data/home/mamuke588/pcdiff-implant/benchmarking/runs/stage1_ablation/SkullBreak/ddim-steps50-ens5/stage1/syn/random_2094_surf,/mnt/data/home/mamuke588/pcdiff-implant/benchmarking/runs/stage1_ablation/SkullBreak/ddim-steps50-ens5/stage1/syn/random_2094_surf/input.npy,/mnt/data/home/mamuke588/pcdiff-implant/benchmarking/runs/stage1_ablation/SkullBreak/ddim-steps50-ens5/stage1/syn/random_2094_surf/sample.npy,/mnt/data/home/mamuke588/pcdiff-implant/benchmarking/runs/stage1_ablation/SkullBreak/ddim-steps50-ens5/stage1/syn/random_2094_surf/shift.npy,/mnt/data/home/mamuke588/pcdiff-implant/benchmarking/runs/stage1_ablation/SkullBreak/ddim-steps50-ens5/stage1/syn/random_2094_surf/scale.npy,5,37.0063,7754.15
random_2100_surf,/mnt/data/home/mamuke588/pcdiff-implant/benchmarking/runs/stage1_ablation/SkullBreak/ddim-steps50-ens5/stage1/syn/random_2100_surf,/mnt/data/home/mamuke588/pcdiff-implant/benchmarking/runs/stage1_ablation/SkullBreak/ddim-steps50-ens5/stage1/syn/random_2100_surf/input.npy,/mnt/data/home/mamuke588/pcdiff-implant/benchmarking/runs/stage1_ablation/SkullBreak/ddim-steps50-ens5/stage1/syn/random_2100_surf/sample.npy,/mnt/data/home/mamuke588/pcdiff-implant/benchmarking/runs/stage1_ablation/SkullBreak/ddim-steps50-ens5/stage1/syn/random_2100_surf/shift.npy,/mnt/data/home/mamuke588/pcdiff-implant/benchmarking/runs/stage1_ablation/SkullBreak/ddim-steps50-ens5/stage1/syn/random_2100_surf/scale.npy,5,36.9181,7754.15
random_2105_surf,/mnt/data/home/mamuke588/pcdiff-implant/benchmarking/runs/stage1_ablation/SkullBreak/ddim-steps50-ens5/stage1/syn/random_2105_surf,/mnt/data/home/mamuke588/pcdiff-implant/benchmarking/runs/stage1_ablation/SkullBreak/ddim-steps50-ens5/stage1/syn/random_2105_surf/input.npy,/mnt/data/home/mamuke588/pcdiff-implant/benchmarking/runs/stage1_ablation/SkullBreak/ddim-steps50-ens5/stage1/syn/random_2105_surf/sample.npy,/mnt/data/home/mamuke588/pcdiff-implant/benchmarking/runs/stage1_ablation/SkullBreak/ddim-steps50-ens5/stage1/syn/random_2105_surf/shift.npy,/mnt/data/home/mamuke588/pcdiff-implant/benchmarking/runs/stage1_ablation/SkullBreak/ddim-steps50-ens5/stage1/syn/random_2105_surf/scale.npy,5,36.9789,7754.15
random_2110_surf,/mnt/data/home/mamuke588/pcdiff-implant/benchmarking/runs/stage1_ablation/SkullBreak/ddim-steps50-ens5/stage1/syn/random_2110_surf,/mnt/data/home/mamuke588/pcdiff-implant/benchmarking/runs/stage1_ablation/SkullBreak/ddim-steps50-ens5/stage1/syn/random_2110_surf/input.npy,/mnt/data/home/mamuke588/pcdiff-implant/benchmarking/runs/stage1_ablation/SkullBreak/ddim-steps50-ens5/stage1/syn/random_2110_surf/sample.npy,/mnt/data/home/mamuke588/pcdiff-implant/benchmarking/runs/stage1_ablation/SkullBreak/ddim-steps50-ens5/stage1/syn/random_2110_surf/shift.npy,/mnt/data/home/mamuke588/pcdiff-implant/benchmarking/runs/stage1_ablation/SkullBreak/ddim-steps50-ens5/stage1/syn/random_2110_surf/scale.npy,5,37.0437,7754.15
random_2111_surf,/mnt/data/home/mamuke588/pcdiff-implant/benchmarking/runs/stage1_ablation/SkullBreak/ddim-steps50-ens5/stage1/syn/random_2111_surf,/mnt/data/home/mamuke588/pcdiff-implant/benchmarking/runs/stage1_ablation/SkullBreak/ddim-steps50-ens5/stage1/syn/random_2111_surf/input.npy,/mnt/data/home/mamuke588/pcdiff-implant/benchmarking/runs/stage1_ablation/SkullBreak/ddim-steps50-ens5/stage1/syn/random_2111_surf/sample.npy,/mnt/data/home/mamuke588/pcdiff-implant/benchmarking/runs/stage1_ablation/SkullBreak/ddim-steps50-ens5/stage1/syn/random_2111_surf/shift.npy,/mnt/data/home/mamuke588/pcdiff-implant/benchmarking/runs/stage1_ablation/SkullBreak/ddim-steps50-ens5/stage1/syn/random_2111_surf/scale.npy,5,37.0285,7754.15
